key,year,countryCode,basisOfRecord,decimalLatitude,decimalLongitude,datasetKey,eventDate
6188073252,2026,US,HUMAN_OBSERVATION,34.96085,-85.381256,50c9509d-22c7-4a22-a47d-8c48425ef4a7,2026-03-19T14:46:59
6352732488,2026,AT,HUMAN_OBSERVATION,46.799945,13.489083,50c9509d-22c7-4a22-a47d-8c48425ef4a7,2026-05-28T08:51:06
6399663502,2026,US,HUMAN_OBSERVATION,41.235615,-75.810002,50c9509d-22c7-4a22-a47d-8c48425ef4a7,2026-06-09T10:20:50
6413712602,2026,US,HUMAN_OBSERVATION,34.645386,-86.562542,50c9509d-22c7-4a22-a47d-8c48425ef4a7,2026-06-09T12:29:36
6413748094,2026,US,HUMAN_OBSERVATION,36.12895,-85.286547,50c9509d-22c7-4a22-a47d-8c48425ef4a7,2026-06-19T13:56:28
6452109622,2026,DE,HUMAN_OBSERVATION,53.224712,10.373802,50c9509d-22c7-4a22-a47d-8c48425ef4a7,2026-06-21T19:51:18
6442001797,2026,CA,HUMAN_OBSERVATION,43.133283,-79.38257,50c9509d-22c7-4a22-a47d-8c48425ef4a7,2026-07-09T14:22:04
6451949746,2026,CA,HUMAN_OBSERVATION,43.654497,-79.388447,50c9509d-22c7-4a22-a47d-8c48425ef4a7,2026-07-16T13:32:32
6452084065,2026,CA,HUMAN_OBSERVATION,43.662448,-79.374729,50c9509d-22c7-4a22-a47d-8c48425ef4a7,2026-07-13T07:17:06
6452243023,2026,US,HUMAN_OBSERVATION,42.407333,-71.140893,50c9509d-22c7-4a22-a47d-8c48425ef4a7,2026-07-19T14:19
6452583915,2026,US,HUMAN_OBSERVATION,42.971795,-87.992054,50c9509d-22c7-4a22-a47d-8c48425ef4a7,2026-07-08T08:29:42
5062980045,2025,MY,HUMAN_OBSERVATION,2.279594,111.856297,50c9509d-22c7-4a22-a47d-8c48425ef4a7,2025-01-15T12:05:30
6352330497,2025,US,HUMAN_OBSERVATION,48.387639,-114.185646,50c9509d-22c7-4a22-a47d-8c48425ef4a7,2025-05-05T12:16
5216055282,2025,US,HUMAN_OBSERVATION,41.809445,-87.865618,50c9509d-22c7-4a22-a47d-8c48425ef4a7,2025-06-16T10:57:57
5216463809,2025,US,HUMAN_OBSERVATION,47.665562,-122.421615,50c9509d-22c7-4a22-a47d-8c48425ef4a7,2025-06-16T17:41:12
5760363854,2025,US,HUMAN_OBSERVATION,36.511167,-121.939962,50c9509d-22c7-4a22-a47d-8c48425ef4a7,2025-08-08T15:42
6147175563,2025,CA,HUMAN_OBSERVATION,45.476133,-73.740369,50c9509d-22c7-4a22-a47d-8c48425ef4a7,2025-08-27T14:10
6162854011,2025,HR,HUMAN_OBSERVATION,45.729606,15.70008,50c9509d-22c7-4a22-a47d-8c48425ef4a7,2025-08-21T21:20:56
5840142899,2025,CA,HUMAN_OBSERVATION,45.604125,-73.551893,50c9509d-22c7-4a22-a47d-8c48425ef4a7,2025-09-22T17:46
6253810315,2025,US,MATERIAL_SAMPLE,37.23,-80.41,393b8c26-e4e0-4dd0-a218-93fc074ebf4e,2025-09-09
5890418304,2025,US,HUMAN_OBSERVATION,35.650683,-83.666633,50c9509d-22c7-4a22-a47d-8c48425ef4a7,2025-10-31T13:28:34
5909048986,2025,US,HUMAN_OBSERVATION,31.1336,-88.905007,50c9509d-22c7-4a22-a47d-8c48425ef4a7,2025-11-24T07:38:05
5935248462,2025,US,HUMAN_OBSERVATION,33.37132,-112.088736,50c9509d-22c7-4a22-a47d-8c48425ef4a7,2025-11-28T15:22:27
5935808985,2025,US,HUMAN_OBSERVATION,35.10511,-106.617494,50c9509d-22c7-4a22-a47d-8c48425ef4a7,2025-11-17T15:09:01
5936017712,2025,US,HUMAN_OBSERVATION,31.133511,-88.905987,50c9509d-22c7-4a22-a47d-8c48425ef4a7,2025-11-24T07:26:35
5936414101,2025,US,HUMAN_OBSERVATION,31.131465,-88.906269,50c9509d-22c7-4a22-a47d-8c48425ef4a7,2025-11-23T20:45:36
5932765766,2025,US,HUMAN_OBSERVATION,38.81501,-75.872193,50c9509d-22c7-4a22-a47d-8c48425ef4a7,2025-12-10T12:58:19
6443153471,2025,ES,MATERIAL_SAMPLE,40.181588,-6.640583,393b8c26-e4e0-4dd0-a218-93fc074ebf4e,2025
6189511154,2024,IT,MATERIAL_SAMPLE,,,393b8c26-e4e0-4dd0-a218-93fc074ebf4e,2024-03-05
6217493426,2024,IT,MATERIAL_SAMPLE,,,393b8c26-e4e0-4dd0-a218-93fc074ebf4e,2024-03-15
6189461985,2024,IT,MATERIAL_SAMPLE,40.78,16.73,393b8c26-e4e0-4dd0-a218-93fc074ebf4e,2024-04-02
6189517816,2024,IT,MATERIAL_SAMPLE,40.78,16.73,393b8c26-e4e0-4dd0-a218-93fc074ebf4e,2024-04-02
6189526130,2024,IT,MATERIAL_SAMPLE,40.78,16.73,393b8c26-e4e0-4dd0-a218-93fc074ebf4e,2024-04-02
6189551348,2024,IT,MATERIAL_SAMPLE,40.78,16.73,393b8c26-e4e0-4dd0-a218-93fc074ebf4e,2024-04-02
6189643097,2024,IT,MATERIAL_SAMPLE,40.78,16.73,393b8c26-e4e0-4dd0-a218-93fc074ebf4e,2024-04-02
6189648333,2024,IT,PRESERVED_SPECIMEN,40.78,16.73,393b8c26-e4e0-4dd0-a218-93fc074ebf4e,2024-04-02
6189713860,2024,IT,MATERIAL_SAMPLE,40.78,16.73,393b8c26-e4e0-4dd0-a218-93fc074ebf4e,2024-04-02
6042592411,2024,GB,HUMAN_OBSERVATION,54.982338,-1.507378,bd3d6dd9-6ee1-4261-ade3-305d82e5d9bf,2024-06-09
6042615513,2024,GB,HUMAN_OBSERVATION,54.982338,-1.507378,bd3d6dd9-6ee1-4261-ade3-305d82e5d9bf,2024-06-09
6189287924,2024,IT,MATERIAL_SAMPLE,,,393b8c26-e4e0-4dd0-a218-93fc074ebf4e,2024-06-10
6189658535,2024,IT,MATERIAL_SAMPLE,,,393b8c26-e4e0-4dd0-a218-93fc074ebf4e,2024-06-10
4908049785,2024,CA,HUMAN_OBSERVATION,43.157358,-80.292483,50c9509d-22c7-4a22-a47d-8c48425ef4a7,2024-07-06T08:31
4908114226,2024,CA,HUMAN_OBSERVATION,43.156997,-80.29162,50c9509d-22c7-4a22-a47d-8c48425ef4a7,2024-07-06T08:29:21
6352405623,2024,US,HUMAN_OBSERVATION,48.055611,-114.078158,50c9509d-22c7-4a22-a47d-8c48425ef4a7,2024-07-17T19:36:10
4946653557,2024,CA,HUMAN_OBSERVATION,43.291738,-79.875789,50c9509d-22c7-4a22-a47d-8c48425ef4a7,2024-09-07T09:52
4982244151,2024,US,HUMAN_OBSERVATION,38.026138,-84.507575,50c9509d-22c7-4a22-a47d-8c48425ef4a7,2024-09-13T11:00
5006875751,2024,US,HUMAN_OBSERVATION,34.252539,-118.519717,50c9509d-22c7-4a22-a47d-8c48425ef4a7,2024-09-15T14:11:55
4954636337,2024,CA,HUMAN_OBSERVATION,43.303397,-79.840339,50c9509d-22c7-4a22-a47d-8c48425ef4a7,2024-10-08T11:30
4993863886,2024,CA,HUMAN_OBSERVATION,45.37258,-75.782347,50c9509d-22c7-4a22-a47d-8c48425ef4a7,2024-11-19T14:43:52
4994482025,2024,CA,HUMAN_OBSERVATION,45.410523,-75.744116,50c9509d-22c7-4a22-a47d-8c48425ef4a7,2024-11-16T16:08
5007395726,2024,ES,HUMAN_OBSERVATION,40.461904,-3.606103,50c9509d-22c7-4a22-a47d-8c48425ef4a7,2024-11-12T12:59:01
5217100511,2024,GR,HUMAN_OBSERVATION,36.613475,27.855247,50c9509d-22c7-4a22-a47d-8c48425ef4a7,2024-11-20T14:06:45
6189563913,2024,US,MATERIAL_SAMPLE,,,393b8c26-e4e0-4dd0-a218-93fc074ebf4e,2024-12-06
6196094411,2024,ES,MATERIAL_SAMPLE,39.4765,-6.3722,393b8c26-e4e0-4dd0-a218-93fc074ebf4e,2024
6196121361,2024,ES,MATERIAL_SAMPLE,40.2221,-6.8785,393b8c26-e4e0-4dd0-a218-93fc074ebf4e,2024
6196134582,2024,ES,MATERIAL_SAMPLE,40.2221,-6.8785,393b8c26-e4e0-4dd0-a218-93fc074ebf4e,2024
6443140371,2024,ES,MATERIAL_SAMPLE,40.225131,-6.886548,393b8c26-e4e0-4dd0-a218-93fc074ebf4e,2024
4145460569,2023,US,HUMAN_OBSERVATION,39.475147,-76.140121,50c9509d-22c7-4a22-a47d-8c48425ef4a7,2023-05-26T11:59:53
6042611373,2023,GB,HUMAN_OBSERVATION,50.852516,-0.132532,bd3d6dd9-6ee1-4261-ade3-305d82e5d9bf,2023-06-03
6042615583,2023,GB,HUMAN_OBSERVATION,51.849511,1.228046,bd3d6dd9-6ee1-4261-ade3-305d82e5d9bf,2023-06-17
6042638056,2023,GB,HUMAN_OBSERVATION,51.685214,-0.317272,bd3d6dd9-6ee1-4261-ade3-305d82e5d9bf,2023-06-02
4945930237,2023,US,HUMAN_OBSERVATION,40.042072,-75.291332,50c9509d-22c7-4a22-a47d-8c48425ef4a7,2023-09-21T10:11:28
4430588839,2023,US,HUMAN_OBSERVATION,35.229256,-80.827593,50c9509d-22c7-4a22-a47d-8c48425ef4a7,2023-10-13T15:54
6042625977,2022,GB,HUMAN_OBSERVATION,52.59612,-2.152828,bd3d6dd9-6ee1-4261-ade3-305d82e5d9bf,2022-05-30
6042639755,2022,GB,HUMAN_OBSERVATION,53.226402,-3.185635,bd3d6dd9-6ee1-4261-ade3-305d82e5d9bf,2022-05-31
6042571834,2022,GB,HUMAN_OBSERVATION,53.660969,-1.795749,bd3d6dd9-6ee1-4261-ade3-305d82e5d9bf,2022-06-16
6042574448,2022,GB,HUMAN_OBSERVATION,53.703085,-1.505164,bd3d6dd9-6ee1-4261-ade3-305d82e5d9bf,2022-06-12
6042575147,2022,GB,HUMAN_OBSERVATION,54.551379,-1.189071,bd3d6dd9-6ee1-4261-ade3-305d82e5d9bf,2022-06-14
6042578604,2022,GB,HUMAN_OBSERVATION,51.693656,0.063947,bd3d6dd9-6ee1-4261-ade3-305d82e5d9bf,2022-06-14
6042578919,2022,GB,HUMAN_OBSERVATION,53.847184,-2.99175,bd3d6dd9-6ee1-4261-ade3-305d82e5d9bf,2022-06-14
6042581264,2022,GB,HUMAN_OBSERVATION,51.47072,-2.590732,bd3d6dd9-6ee1-4261-ade3-305d82e5d9bf,2022-06-16
6042583697,2022,GB,HUMAN_OBSERVATION,53.724871,-2.789644,bd3d6dd9-6ee1-4261-ade3-305d82e5d9bf,2022-06-15
6042586486,2022,GB,HUMAN_OBSERVATION,53.393593,0.220259,bd3d6dd9-6ee1-4261-ade3-305d82e5d9bf,2022-06-11
6042586534,2022,GB,HUMAN_OBSERVATION,53.363157,-0.006168,bd3d6dd9-6ee1-4261-ade3-305d82e5d9bf,2022-06-13
6042592342,2022,GB,HUMAN_OBSERVATION,52.564566,-0.248259,bd3d6dd9-6ee1-4261-ade3-305d82e5d9bf,2022-06-15
6042592361,2022,GB,HUMAN_OBSERVATION,52.685924,-2.487027,bd3d6dd9-6ee1-4261-ade3-305d82e5d9bf,2022-06-14
6042595995,2022,GB,HUMAN_OBSERVATION,53.701649,-1.152398,bd3d6dd9-6ee1-4261-ade3-305d82e5d9bf,2022-06-12
6042598777,2022,GB,HUMAN_OBSERVATION,51.944662,-3.405558,bd3d6dd9-6ee1-4261-ade3-305d82e5d9bf,2022-06-10
6042598818,2022,GB,HUMAN_OBSERVATION,51.528129,-0.621196,bd3d6dd9-6ee1-4261-ade3-305d82e5d9bf,2022-06-16
6042598974,2022,GB,HUMAN_OBSERVATION,50.35029,-3.994972,bd3d6dd9-6ee1-4261-ade3-305d82e5d9bf,2022-06-14
6042601634,2022,GB,HUMAN_OBSERVATION,50.424508,-4.116214,bd3d6dd9-6ee1-4261-ade3-305d82e5d9bf,2022-06-14
6042601850,2022,GB,HUMAN_OBSERVATION,55.0261,-1.507155,bd3d6dd9-6ee1-4261-ade3-305d82e5d9bf,2022-06-15
6042601874,2022,GB,HUMAN_OBSERVATION,53.52433,0.034962,bd3d6dd9-6ee1-4261-ade3-305d82e5d9bf,2022-06-15
6042604111,2022,GB,HUMAN_OBSERVATION,51.833277,-1.83894,bd3d6dd9-6ee1-4261-ade3-305d82e5d9bf,2022-06-14
6042606075,2022,IM,HUMAN_OBSERVATION,54.203898,-4.414007,bd3d6dd9-6ee1-4261-ade3-305d82e5d9bf,2022-06-13
6042608043,2022,GB,HUMAN_OBSERVATION,50.764055,-1.545511,bd3d6dd9-6ee1-4261-ade3-305d82e5d9bf,2022-06-11
6042610146,2022,GB,HUMAN_OBSERVATION,53.629583,-2.681936,bd3d6dd9-6ee1-4261-ade3-305d82e5d9bf,2022-06-12
6042610235,2022,GB,HUMAN_OBSERVATION,53.363229,-2.833881,bd3d6dd9-6ee1-4261-ade3-305d82e5d9bf,2022-06-14
6042611423,2022,GB,HUMAN_OBSERVATION,55.938231,-3.029385,bd3d6dd9-6ee1-4261-ade3-305d82e5d9bf,2022-06-12
6042613340,2022,GB,HUMAN_OBSERVATION,53.660969,-1.795749,bd3d6dd9-6ee1-4261-ade3-305d82e5d9bf,2022-06-16
6042613412,2022,GB,HUMAN_OBSERVATION,53.49893,-2.067044,bd3d6dd9-6ee1-4261-ade3-305d82e5d9bf,2022-06-13
6042613466,2022,GB,HUMAN_OBSERVATION,51.909566,-1.167786,bd3d6dd9-6ee1-4261-ade3-305d82e5d9bf,2022-06-13
6042613494,2022,GB,HUMAN_OBSERVATION,53.173715,-1.578821,bd3d6dd9-6ee1-4261-ade3-305d82e5d9bf,2022-06-14
6042615375,2022,GB,HUMAN_OBSERVATION,55.829186,-3.212645,bd3d6dd9-6ee1-4261-ade3-305d82e5d9bf,2022-06-10
6042615986,2022,GB,HUMAN_OBSERVATION,52.766984,-1.575565,bd3d6dd9-6ee1-4261-ade3-305d82e5d9bf,2022-06-15
6042618036,2022,GB,HUMAN_OBSERVATION,53.852795,-1.476646,bd3d6dd9-6ee1-4261-ade3-305d82e5d9bf,2022-06-16
6042618048,2022,GB,HUMAN_OBSERVATION,53.287398,-3.799391,bd3d6dd9-6ee1-4261-ade3-305d82e5d9bf,2022-06-15
6042619822,2022,GB,HUMAN_OBSERVATION,52.642487,-1.084338,bd3d6dd9-6ee1-4261-ade3-305d82e5d9bf,2022-06-15
6042619974,2022,GB,HUMAN_OBSERVATION,51.746216,-0.014275,bd3d6dd9-6ee1-4261-ade3-305d82e5d9bf,2022-06-13
6042620245,2022,GB,HUMAN_OBSERVATION,53.573134,-2.41849,bd3d6dd9-6ee1-4261-ade3-305d82e5d9bf,2022-06-15
6042621830,2022,GB,HUMAN_OBSERVATION,53.436137,-2.166969,bd3d6dd9-6ee1-4261-ade3-305d82e5d9bf,2022-06-14
6042623528,2022,GB,HUMAN_OBSERVATION,52.208068,-1.725347,bd3d6dd9-6ee1-4261-ade3-305d82e5d9bf,2022-06-14
6042623744,2022,GB,HUMAN_OBSERVATION,50.761446,-1.915233,bd3d6dd9-6ee1-4261-ade3-305d82e5d9bf,2022-06-14
6042624264,2022,GB,HUMAN_OBSERVATION,53.058486,-2.279794,bd3d6dd9-6ee1-4261-ade3-305d82e5d9bf,2022-06-13
6042625870,2022,GB,HUMAN_OBSERVATION,52.10955,-2.30389,bd3d6dd9-6ee1-4261-ade3-305d82e5d9bf,2022-06-14
6042627743,2022,GB,HUMAN_OBSERVATION,50.756217,0.276226,bd3d6dd9-6ee1-4261-ade3-305d82e5d9bf,2022-06-01
6042631582,2022,GB,HUMAN_OBSERVATION,52.410737,-1.238952,bd3d6dd9-6ee1-4261-ade3-305d82e5d9bf,2022-06-14
6042633907,2022,GB,HUMAN_OBSERVATION,53.453839,-2.170803,bd3d6dd9-6ee1-4261-ade3-305d82e5d9bf,2022-06-09
6042637637,2022,GB,HUMAN_OBSERVATION,50.877441,-1.022984,bd3d6dd9-6ee1-4261-ade3-305d82e5d9bf,2022-06-04
6042638057,2022,GB,HUMAN_OBSERVATION,51.618294,-0.785949,bd3d6dd9-6ee1-4261-ade3-305d82e5d9bf,2022-06-13
4936422664,2022,US,HUMAN_OBSERVATION,41.859346,-87.633227,50c9509d-22c7-4a22-a47d-8c48425ef4a7,2022-07-14T11:27
6189104121,2022,CN,MATERIAL_SAMPLE,41.11,79.12,393b8c26-e4e0-4dd0-a218-93fc074ebf4e,2022-09-23
6189129535,2022,CN,MATERIAL_SAMPLE,41.11,79.12,393b8c26-e4e0-4dd0-a218-93fc074ebf4e,2022-09-23
6189244578,2022,CN,MATERIAL_SAMPLE,41.11,79.12,393b8c26-e4e0-4dd0-a218-93fc074ebf4e,2022-09-23
6189259653,2022,CN,MATERIAL_SAMPLE,41.11,79.12,393b8c26-e4e0-4dd0-a218-93fc074ebf4e,2022-09-23
6189316954,2022,CN,MATERIAL_SAMPLE,41.11,79.12,393b8c26-e4e0-4dd0-a218-93fc074ebf4e,2022-09-23
6189351540,2022,CN,MATERIAL_SAMPLE,41.11,79.12,393b8c26-e4e0-4dd0-a218-93fc074ebf4e,2022-09-23
6189747353,2022,CN,MATERIAL_SAMPLE,41.11,79.12,393b8c26-e4e0-4dd0-a218-93fc074ebf4e,2022-09-23
6189750389,2022,CN,MATERIAL_SAMPLE,41.11,79.12,393b8c26-e4e0-4dd0-a218-93fc074ebf4e,2022-09-23
6189805996,2022,CN,MATERIAL_SAMPLE,41.11,79.12,393b8c26-e4e0-4dd0-a218-93fc074ebf4e,2022-09-23
6189833310,2022,CN,MATERIAL_SAMPLE,41.11,79.12,393b8c26-e4e0-4dd0-a218-93fc074ebf4e,2022-09-23
3925040894,2022,US,HUMAN_OBSERVATION,39.903123,-76.060742,50c9509d-22c7-4a22-a47d-8c48425ef4a7,2022-10-05T12:57:30
6189637742,2022,US,MATERIAL_SAMPLE,31.4819,-84.240953,393b8c26-e4e0-4dd0-a218-93fc074ebf4e,2022-10-10
4153266399,2022,AR,MATERIAL_SAMPLE,,,393b8c26-e4e0-4dd0-a218-93fc074ebf4e,2022
6189138875,2022,IR,MATERIAL_SAMPLE,,,393b8c26-e4e0-4dd0-a218-93fc074ebf4e,2022
6189337470,2022,IR,MATERIAL_SAMPLE,,,393b8c26-e4e0-4dd0-a218-93fc074ebf4e,2022
6189349324,2022,IR,MATERIAL_SAMPLE,,,393b8c26-e4e0-4dd0-a218-93fc074ebf4e,2022
6189431033,2022,IR,MATERIAL_SAMPLE,,,393b8c26-e4e0-4dd0-a218-93fc074ebf4e,2022
6189459351,2022,IR,MATERIAL_SAMPLE,,,393b8c26-e4e0-4dd0-a218-93fc074ebf4e,2022
6189552556,2022,IR,MATERIAL_SAMPLE,,,393b8c26-e4e0-4dd0-a218-93fc074ebf4e,2022
6189553960,2022,IR,MATERIAL_SAMPLE,,,393b8c26-e4e0-4dd0-a218-93fc074ebf4e,2022
6189587557,2022,IR,MATERIAL_SAMPLE,,,393b8c26-e4e0-4dd0-a218-93fc074ebf4e,2022
6189637644,2022,US,MATERIAL_SAMPLE,32.71,-80.32,393b8c26-e4e0-4dd0-a218-93fc074ebf4e,2022
6189693430,2022,ES,MATERIAL_SAMPLE,,,393b8c26-e4e0-4dd0-a218-93fc074ebf4e,2022
3109017474,2021,ES,HUMAN_OBSERVATION,38.672828,0.07553,50c9509d-22c7-4a22-a47d-8c48425ef4a7,2021-04-09T16:04Z
4171406431,2021,US,HUMAN_OBSERVATION,39.062408,-77.128944,50c9509d-22c7-4a22-a47d-8c48425ef4a7,2021-07-06T15:33:05
3947259474,2021,US,HUMAN_OBSERVATION,39.363322,-76.341378,50c9509d-22c7-4a22-a47d-8c48425ef4a7,2021-08-27T11:28:31
3408226591,2021,US,HUMAN_OBSERVATION,33.257192,-116.380211,50c9509d-22c7-4a22-a47d-8c48425ef4a7,2021-10-11T12:11
6189719363,2021,IT,MATERIAL_SAMPLE,,,393b8c26-e4e0-4dd0-a218-93fc074ebf4e,2021-11
6189277598,2021,US,MATERIAL_SAMPLE,,,393b8c26-e4e0-4dd0-a218-93fc074ebf4e,2021
6189304146,2021,US,MATERIAL_SAMPLE,,,393b8c26-e4e0-4dd0-a218-93fc074ebf4e,2021
6189460995,2021,US,MATERIAL_SAMPLE,,,393b8c26-e4e0-4dd0-a218-93fc074ebf4e,2021
6189563577,2021,US,MATERIAL_SAMPLE,,,393b8c26-e4e0-4dd0-a218-93fc074ebf4e,2021
6189585221,2021,US,MATERIAL_SAMPLE,,,393b8c26-e4e0-4dd0-a218-93fc074ebf4e,2021
6189739846,2021,FR,MATERIAL_SAMPLE,43.66,7.12,393b8c26-e4e0-4dd0-a218-93fc074ebf4e,2021
2563645036,2020,US,HUMAN_OBSERVATION,34.006932,-118.466469,50c9509d-22c7-4a22-a47d-8c48425ef4a7,2020-01-29T12:13:43Z
4155177325,2020,US,MATERIAL_SAMPLE,,,d8cd16ba-bb74-4420-821e-083f2bac17c2,2020-04-20
3892645318,2020,US,HUMAN_OBSERVATION,42.386327,-71.108274,50c9509d-22c7-4a22-a47d-8c48425ef4a7,2020-07-09T10:03
6189262222,2020,US,MATERIAL_SAMPLE,32.785,-86.5808,393b8c26-e4e0-4dd0-a218-93fc074ebf4e,2020-07-23
3061674495,2020,CA,HUMAN_OBSERVATION,43.774192,-79.466592,50c9509d-22c7-4a22-a47d-8c48425ef4a7,2020-10-23T16:13:01
6190524248,2020,US,MATERIAL_SAMPLE,37.876878,-122.24044,d8cd16ba-bb74-4420-821e-083f2bac17c2,2020-10-17
6191387510,2020,US,MATERIAL_SAMPLE,37.876878,-122.24044,d8cd16ba-bb74-4420-821e-083f2bac17c2,2020-10-17
6191425322,2020,US,MATERIAL_SAMPLE,37.876878,-122.24044,d8cd16ba-bb74-4420-821e-083f2bac17c2,2020-10-17
6235771852,2020,US,HUMAN_OBSERVATION,35.076931,-106.665928,50c9509d-22c7-4a22-a47d-8c48425ef4a7,2020-11-07T15:35
3817438197,2020,US,MATERIAL_SAMPLE,36.97,-76.61,583d91fe-bbc0-4b4a-afe1-801f88263016,2020
4153242404,2020,AR,MATERIAL_SAMPLE,-28.54,-66.82,393b8c26-e4e0-4dd0-a218-93fc074ebf4e,2020
4153245405,2020,AR,MATERIAL_SAMPLE,-28.46,-65.47,393b8c26-e4e0-4dd0-a218-93fc074ebf4e,2020
4153247409,2020,AR,MATERIAL_SAMPLE,-28.46,-65.47,393b8c26-e4e0-4dd0-a218-93fc074ebf4e,2020
4153249079,2020,FR,MATERIAL_SAMPLE,,,393b8c26-e4e0-4dd0-a218-93fc074ebf4e,2020
4153254013,2020,FR,MATERIAL_SAMPLE,,,393b8c26-e4e0-4dd0-a218-93fc074ebf4e,2020
6189152046,2020,IT,MATERIAL_SAMPLE,42.433056,11.139472,393b8c26-e4e0-4dd0-a218-93fc074ebf4e,2020
6189565504,2020,IT,MATERIAL_SAMPLE,42.420472,11.090111,393b8c26-e4e0-4dd0-a218-93fc074ebf4e,2020
6189622118,2020,FR,MATERIAL_SAMPLE,43.42,6.77,393b8c26-e4e0-4dd0-a218-93fc074ebf4e,2020
6042571403,2019,GB,HUMAN_OBSERVATION,50.840596,-0.647096,bd3d6dd9-6ee1-4261-ade3-305d82e5d9bf,2019-05-23
6042571439,2019,GB,HUMAN_OBSERVATION,53.071079,-2.753748,bd3d6dd9-6ee1-4261-ade3-305d82e5d9bf,2019-05-27
6042572222,2019,GB,HUMAN_OBSERVATION,53.01054,-1.73137,bd3d6dd9-6ee1-4261-ade3-305d82e5d9bf,2019-05-26
6042572232,2019,GB,HUMAN_OBSERVATION,51.776291,-3.756758,bd3d6dd9-6ee1-4261-ade3-305d82e5d9bf,2019-05-30
6042574572,2019,GB,HUMAN_OBSERVATION,52.087429,1.292215,bd3d6dd9-6ee1-4261-ade3-305d82e5d9bf,2019-05-26
6042576343,2019,GB,HUMAN_OBSERVATION,52.051753,-2.708688,bd3d6dd9-6ee1-4261-ade3-305d82e5d9bf,2019-05-27
6042578821,2019,GB,HUMAN_OBSERVATION,53.104012,-2.392262,bd3d6dd9-6ee1-4261-ade3-305d82e5d9bf,2019-05-28
6042579074,2019,GB,HUMAN_OBSERVATION,51.87847,0.18048,bd3d6dd9-6ee1-4261-ade3-305d82e5d9bf,2019-05-27
6042580942,2019,GB,HUMAN_OBSERVATION,51.348457,-0.088961,bd3d6dd9-6ee1-4261-ade3-305d82e5d9bf,2019-05-27
6042581099,2019,GB,HUMAN_OBSERVATION,51.451797,-0.128834,bd3d6dd9-6ee1-4261-ade3-305d82e5d9bf,2019-05-27
6042583784,2019,GB,HUMAN_OBSERVATION,51.267287,0.507113,bd3d6dd9-6ee1-4261-ade3-305d82e5d9bf,2019-05-28
6042583891,2019,GB,HUMAN_OBSERVATION,51.476581,-0.611519,bd3d6dd9-6ee1-4261-ade3-305d82e5d9bf,2019-05-27
6042586575,2019,GB,HUMAN_OBSERVATION,50.83361,-0.42297,bd3d6dd9-6ee1-4261-ade3-305d82e5d9bf,2019-05-27
6042589681,2019,GB,HUMAN_OBSERVATION,53.501827,-2.413792,bd3d6dd9-6ee1-4261-ade3-305d82e5d9bf,2019-05-20
6042589735,2019,GB,HUMAN_OBSERVATION,51.383537,-1.339666,bd3d6dd9-6ee1-4261-ade3-305d82e5d9bf,2019-05-27
6042589850,2019,GB,HUMAN_OBSERVATION,51.404194,0.058076,bd3d6dd9-6ee1-4261-ade3-305d82e5d9bf,2019-05-28
6042592927,2019,GB,HUMAN_OBSERVATION,53.26406,-2.11394,bd3d6dd9-6ee1-4261-ade3-305d82e5d9bf,2019-05-26
6042595529,2019,GB,HUMAN_OBSERVATION,50.715245,-1.245768,bd3d6dd9-6ee1-4261-ade3-305d82e5d9bf,2019-05-27
6042595886,2019,GB,HUMAN_OBSERVATION,52.318998,-0.698865,bd3d6dd9-6ee1-4261-ade3-305d82e5d9bf,2019-05-30
6042596107,2019,GB,HUMAN_OBSERVATION,51.081308,0.651181,bd3d6dd9-6ee1-4261-ade3-305d82e5d9bf,2019-05-25
6042596291,2019,GB,HUMAN_OBSERVATION,50.870045,0.011362,bd3d6dd9-6ee1-4261-ade3-305d82e5d9bf,2019-05-26
6042598617,2019,GB,HUMAN_OBSERVATION,51.183014,0.267069,bd3d6dd9-6ee1-4261-ade3-305d82e5d9bf,2019-05-28
6042598712,2019,GB,HUMAN_OBSERVATION,51.449129,0.072545,bd3d6dd9-6ee1-4261-ade3-305d82e5d9bf,2019-05-25
6042601313,2019,GB,HUMAN_OBSERVATION,51.20885,-0.77835,bd3d6dd9-6ee1-4261-ade3-305d82e5d9bf,2019-05-27
6042602253,2019,GB,HUMAN_OBSERVATION,51.142334,-0.467321,bd3d6dd9-6ee1-4261-ade3-305d82e5d9bf,2019-05-28
6042603832,2019,GB,HUMAN_OBSERVATION,53.728707,-2.544852,bd3d6dd9-6ee1-4261-ade3-305d82e5d9bf,2019-05-29
6042603901,2019,GB,HUMAN_OBSERVATION,50.771483,0.112653,bd3d6dd9-6ee1-4261-ade3-305d82e5d9bf,2019-05-27
6042603958,2019,GB,HUMAN_OBSERVATION,50.835321,-0.162545,bd3d6dd9-6ee1-4261-ade3-305d82e5d9bf,2019-05-26
6042607652,2019,GB,HUMAN_OBSERVATION,51.475207,0.059831,bd3d6dd9-6ee1-4261-ade3-305d82e5d9bf,2019-05-28
6042607743,2019,GB,HUMAN_OBSERVATION,51.515134,-0.193835,bd3d6dd9-6ee1-4261-ade3-305d82e5d9bf,2019-05-29
6042609486,2019,GB,HUMAN_OBSERVATION,51.561321,-0.100537,bd3d6dd9-6ee1-4261-ade3-305d82e5d9bf,2019-05-27
6042613661,2019,GB,HUMAN_OBSERVATION,51.068757,-1.801071,bd3d6dd9-6ee1-4261-ade3-305d82e5d9bf,2019-05-27
6042615380,2019,GB,HUMAN_OBSERVATION,51.035609,-0.109491,bd3d6dd9-6ee1-4261-ade3-305d82e5d9bf,2019-05-26
6042615856,2019,GB,HUMAN_OBSERVATION,53.42801,-3.063762,bd3d6dd9-6ee1-4261-ade3-305d82e5d9bf,2019-05-31
6042616107,2019,GB,HUMAN_OBSERVATION,50.809524,-1.064284,bd3d6dd9-6ee1-4261-ade3-305d82e5d9bf,2019-05-27
6042617490,2019,GB,HUMAN_OBSERVATION,53.381169,-2.912707,bd3d6dd9-6ee1-4261-ade3-305d82e5d9bf,2019-05-26
6042617717,2019,GB,HUMAN_OBSERVATION,52.057668,1.280614,bd3d6dd9-6ee1-4261-ade3-305d82e5d9bf,2019-05-27
6042618199,2019,GB,HUMAN_OBSERVATION,51.7213,0.679054,bd3d6dd9-6ee1-4261-ade3-305d82e5d9bf,2019-05-27
6042619616,2019,GB,HUMAN_OBSERVATION,51.37384,-2.39683,bd3d6dd9-6ee1-4261-ade3-305d82e5d9bf,2019-05-27
6042619767,2019,GB,HUMAN_OBSERVATION,50.846794,-0.884562,bd3d6dd9-6ee1-4261-ade3-305d82e5d9bf,2019-05-27
6042620197,2019,GB,HUMAN_OBSERVATION,50.86581,-2.24154,bd3d6dd9-6ee1-4261-ade3-305d82e5d9bf,2019-05-27
6042621880,2019,GB,HUMAN_OBSERVATION,53.306588,-2.375059,bd3d6dd9-6ee1-4261-ade3-305d82e5d9bf,2019-05-26
6042622040,2019,GB,HUMAN_OBSERVATION,53.26423,-2.114028,bd3d6dd9-6ee1-4261-ade3-305d82e5d9bf,2019-05-26
6042622225,2019,GB,HUMAN_OBSERVATION,51.6112,-0.14641,bd3d6dd9-6ee1-4261-ade3-305d82e5d9bf,2019-05-27
6042623871,2019,GB,HUMAN_OBSERVATION,53.501827,-2.413792,bd3d6dd9-6ee1-4261-ade3-305d82e5d9bf,2019-05-20
6042625478,2019,GB,HUMAN_OBSERVATION,51.621159,0.299534,bd3d6dd9-6ee1-4261-ade3-305d82e5d9bf,2019-05-25
6042626068,2019,GB,HUMAN_OBSERVATION,50.756514,-1.302238,bd3d6dd9-6ee1-4261-ade3-305d82e5d9bf,2019-05-17
6042627714,2019,GB,HUMAN_OBSERVATION,51.448946,-0.047781,bd3d6dd9-6ee1-4261-ade3-305d82e5d9bf,2019-05-24
6042628288,2019,GB,HUMAN_OBSERVATION,51.284766,-0.737763,bd3d6dd9-6ee1-4261-ade3-305d82e5d9bf,2019-05-27
6042628289,2019,GB,HUMAN_OBSERVATION,51.079507,0.661145,bd3d6dd9-6ee1-4261-ade3-305d82e5d9bf,2019-05-25
6042629734,2019,GB,HUMAN_OBSERVATION,51.48044,0.02141,bd3d6dd9-6ee1-4261-ade3-305d82e5d9bf,2019-05-27
6042630047,2019,GB,HUMAN_OBSERVATION,50.959979,0.739865,bd3d6dd9-6ee1-4261-ade3-305d82e5d9bf,2019-05-26
6042631464,2019,GB,HUMAN_OBSERVATION,51.649435,-0.199704,bd3d6dd9-6ee1-4261-ade3-305d82e5d9bf,2019-05-27
6042631996,2019,GB,HUMAN_OBSERVATION,51.252979,-0.533289,bd3d6dd9-6ee1-4261-ade3-305d82e5d9bf,2019-05-20
6042632178,2019,GB,HUMAN_OBSERVATION,51.5777,-0.017069,bd3d6dd9-6ee1-4261-ade3-305d82e5d9bf,2019-05-26
6042634134,2019,GB,HUMAN_OBSERVATION,51.624498,-2.364053,bd3d6dd9-6ee1-4261-ade3-305d82e5d9bf,2019-05-23
6042634175,2019,GB,HUMAN_OBSERVATION,52.166707,-1.952438,bd3d6dd9-6ee1-4261-ade3-305d82e5d9bf,2019-05-27
6042635977,2019,GB,HUMAN_OBSERVATION,51.184424,-0.02392,bd3d6dd9-6ee1-4261-ade3-305d82e5d9bf,2019-05-26
6042639442,2019,GB,HUMAN_OBSERVATION,50.968079,-0.112875,bd3d6dd9-6ee1-4261-ade3-305d82e5d9bf,2019-05-27
6042639590,2019,GB,HUMAN_OBSERVATION,51.552177,-0.342739,bd3d6dd9-6ee1-4261-ade3-305d82e5d9bf,2019-05-27
6042583507,2019,GB,HUMAN_OBSERVATION,52.433488,-1.889969,bd3d6dd9-6ee1-4261-ade3-305d82e5d9bf,2019-06-07
6042607483,2019,GB,HUMAN_OBSERVATION,52.43139,-1.896927,bd3d6dd9-6ee1-4261-ade3-305d82e5d9bf,2019-06-01
6042616036,2019,GB,HUMAN_OBSERVATION,51.349107,-0.203961,bd3d6dd9-6ee1-4261-ade3-305d82e5d9bf,2019-06-05
6042622198,2019,GB,HUMAN_OBSERVATION,52.43361,-1.88912,bd3d6dd9-6ee1-4261-ade3-305d82e5d9bf,2019-06-01
6042626265,2019,GB,HUMAN_OBSERVATION,52.43372,-1.88954,bd3d6dd9-6ee1-4261-ade3-305d82e5d9bf,2019-06-20
6042632250,2019,GB,HUMAN_OBSERVATION,52.434606,-1.898123,bd3d6dd9-6ee1-4261-ade3-305d82e5d9bf,2019-06-21
6042633976,2019,GB,HUMAN_OBSERVATION,51.166611,-1.444385,bd3d6dd9-6ee1-4261-ade3-305d82e5d9bf,2019-06-01
6042633985,2019,GB,HUMAN_OBSERVATION,51.349024,-0.204395,bd3d6dd9-6ee1-4261-ade3-305d82e5d9bf,2019-06-05
6042639558,2019,GB,HUMAN_OBSERVATION,52.434966,-1.88807,bd3d6dd9-6ee1-4261-ade3-305d82e5d9bf,2019-06-02
6189493603,2019,EC,MATERIAL_SAMPLE,,,393b8c26-e4e0-4dd0-a218-93fc074ebf4e,2019-06
2549977248,2019,US,HUMAN_OBSERVATION,40.004156,-83.015358,50c9509d-22c7-4a22-a47d-8c48425ef4a7,2019-07-11T13:45:10
2456505486,2019,US,HUMAN_OBSERVATION,43.034868,-76.136092,50c9509d-22c7-4a22-a47d-8c48425ef4a7,2019-09-05T09:18
2447962007,2019,US,HUMAN_OBSERVATION,40.769359,-73.949249,50c9509d-22c7-4a22-a47d-8c48425ef4a7,2019-10-27T15:54:50
2447995145,2019,US,HUMAN_OBSERVATION,40.775507,-73.943638,50c9509d-22c7-4a22-a47d-8c48425ef4a7,2019-10-30T11:54:10
2448002424,2019,US,HUMAN_OBSERVATION,40.756356,-73.960935,50c9509d-22c7-4a22-a47d-8c48425ef4a7,2019-10-31T14:44:43
2448002753,2019,US,HUMAN_OBSERVATION,40.757804,-73.959475,50c9509d-22c7-4a22-a47d-8c48425ef4a7,2019-10-31T15:22:37
2448003374,2019,US,HUMAN_OBSERVATION,40.75542,-73.962045,50c9509d-22c7-4a22-a47d-8c48425ef4a7,2019-10-31T14:53:44
2448003895,2019,US,HUMAN_OBSERVATION,40.75546,-73.962083,50c9509d-22c7-4a22-a47d-8c48425ef4a7,2019-10-31T14:52:48
2633973472,2019,US,HUMAN_OBSERVATION,40.757109,-73.961051,50c9509d-22c7-4a22-a47d-8c48425ef4a7,2019-10-31T15:08:16
2451686985,2019,US,HUMAN_OBSERVATION,40.7944,-73.951465,50c9509d-22c7-4a22-a47d-8c48425ef4a7,2019-11-01T12:11:49
2451697565,2019,US,HUMAN_OBSERVATION,40.79134,-73.924684,50c9509d-22c7-4a22-a47d-8c48425ef4a7,2019-11-02T14:21:14
2451743034,2019,US,HUMAN_OBSERVATION,40.79459,-73.9513,50c9509d-22c7-4a22-a47d-8c48425ef4a7,2019-11-06T13:51:46
2460017519,2019,US,HUMAN_OBSERVATION,40.762159,-73.956933,50c9509d-22c7-4a22-a47d-8c48425ef4a7,2019-11-20T13:27:49
2460068153,2019,US,HUMAN_OBSERVATION,43.034435,-76.13684,50c9509d-22c7-4a22-a47d-8c48425ef4a7,2019-11-21T10:52
2465129299,2019,US,HUMAN_OBSERVATION,40.771013,-73.950731,50c9509d-22c7-4a22-a47d-8c48425ef4a7,2019-11-29T14:42:59
2465241584,2019,US,HUMAN_OBSERVATION,40.770932,-73.953454,50c9509d-22c7-4a22-a47d-8c48425ef4a7,2019-11-23T10:13:22
2529294331,2019,US,HUMAN_OBSERVATION,43.034446,-76.136911,50c9509d-22c7-4a22-a47d-8c48425ef4a7,2019-12-13T13:43:32
3994062319,2019,US,HUMAN_OBSERVATION,26.436865,-82.125897,50c9509d-22c7-4a22-a47d-8c48425ef4a7,2019-12-09T07:50:02
3347477517,2019,US,MATERIAL_SAMPLE,,,393b8c26-e4e0-4dd0-a218-93fc074ebf4e,2019
3349244436,2019,US,MATERIAL_SAMPLE,,,393b8c26-e4e0-4dd0-a218-93fc074ebf4e,2019
3349335859,2019,US,MATERIAL_SAMPLE,,,393b8c26-e4e0-4dd0-a218-93fc074ebf4e,2019
4152686347,2019,US,MATERIAL_SAMPLE,31.54,-82.43,d8cd16ba-bb74-4420-821e-083f2bac17c2,2019
4153241412,2019,ES,MATERIAL_SAMPLE,,,393b8c26-e4e0-4dd0-a218-93fc074ebf4e,2019
6189182691,2019,IT,MATERIAL_SAMPLE,42.433306,11.125528,393b8c26-e4e0-4dd0-a218-93fc074ebf4e,2019
6189328476,2019,IT,MATERIAL_SAMPLE,42.433139,11.127278,393b8c26-e4e0-4dd0-a218-93fc074ebf4e,2019
6189430487,2019,ES,MATERIAL_SAMPLE,,,393b8c26-e4e0-4dd0-a218-93fc074ebf4e,2019
6189461636,2019,IT,MATERIAL_SAMPLE,42.431222,11.149583,393b8c26-e4e0-4dd0-a218-93fc074ebf4e,2019
6189518704,2019,IT,MATERIAL_SAMPLE,42.4325,11.127056,393b8c26-e4e0-4dd0-a218-93fc074ebf4e,2019
6189658571,2019,ES,MATERIAL_SAMPLE,,,393b8c26-e4e0-4dd0-a218-93fc074ebf4e,2019
6189778765,2019,ES,MATERIAL_SAMPLE,,,393b8c26-e4e0-4dd0-a218-93fc074ebf4e,2019
3347557689,2018,TW,MATERIAL_SAMPLE,,,393b8c26-e4e0-4dd0-a218-93fc074ebf4e,2018-06-24
6189094731,2018,ES,MATERIAL_SAMPLE,,,393b8c26-e4e0-4dd0-a218-93fc074ebf4e,2018-07
6189765925,2018,ES,MATERIAL_SAMPLE,,,393b8c26-e4e0-4dd0-a218-93fc074ebf4e,2018-07
6196095012,2018,ES,MATERIAL_SAMPLE,,,393b8c26-e4e0-4dd0-a218-93fc074ebf4e,2018-07
6189583197,2018,ES,MATERIAL_SAMPLE,,,393b8c26-e4e0-4dd0-a218-93fc074ebf4e,2018-08
6236649316,2018,ES,MATERIAL_SAMPLE,,,393b8c26-e4e0-4dd0-a218-93fc074ebf4e,2018-08
6236789316,2018,ES,MATERIAL_SAMPLE,,,393b8c26-e4e0-4dd0-a218-93fc074ebf4e,2018-08
3347404622,2018,IT,MATERIAL_SAMPLE,,,393b8c26-e4e0-4dd0-a218-93fc074ebf4e,2018-11-30
3347423745,2018,IT,MATERIAL_SAMPLE,,,393b8c26-e4e0-4dd0-a218-93fc074ebf4e,2018-11-30
3349297828,2018,IT,MATERIAL_SAMPLE,,,393b8c26-e4e0-4dd0-a218-93fc074ebf4e,2018-11-30
3346878749,2018,BR,MATERIAL_SAMPLE,,,393b8c26-e4e0-4dd0-a218-93fc074ebf4e,2018
4053173851,2018,FR,MATERIAL_SAMPLE,,,393b8c26-e4e0-4dd0-a218-93fc074ebf4e,2018
4053174844,2018,FR,MATERIAL_SAMPLE,,,393b8c26-e4e0-4dd0-a218-93fc074ebf4e,2018
4053176842,2018,FR,MATERIAL_SAMPLE,,,393b8c26-e4e0-4dd0-a218-93fc074ebf4e,2018
4053177867,2018,FR,MATERIAL_SAMPLE,,,393b8c26-e4e0-4dd0-a218-93fc074ebf4e,2018
4053178830,2018,FR,MATERIAL_SAMPLE,,,393b8c26-e4e0-4dd0-a218-93fc074ebf4e,2018
4053179821,2018,FR,MATERIAL_SAMPLE,,,393b8c26-e4e0-4dd0-a218-93fc074ebf4e,2018
4053180823,2018,FR,MATERIAL_SAMPLE,,,393b8c26-e4e0-4dd0-a218-93fc074ebf4e,2018
4053180824,2018,FR,MATERIAL_SAMPLE,,,393b8c26-e4e0-4dd0-a218-93fc074ebf4e,2018
4152674350,2018,US,MATERIAL_SAMPLE,31.54,-82.43,d8cd16ba-bb74-4420-821e-083f2bac17c2,2018
6189505690,2018,ES,MATERIAL_SAMPLE,,,393b8c26-e4e0-4dd0-a218-93fc074ebf4e,2018
6189584710,2018,US,MATERIAL_SAMPLE,,,393b8c26-e4e0-4dd0-a218-93fc074ebf4e,2018
6189589356,2018,ES,MATERIAL_SAMPLE,,,393b8c26-e4e0-4dd0-a218-93fc074ebf4e,2018
6189692298,2018,ES,MATERIAL_SAMPLE,,,393b8c26-e4e0-4dd0-a218-93fc074ebf4e,2018
6189733459,2018,ES,MATERIAL_SAMPLE,,,393b8c26-e4e0-4dd0-a218-93fc074ebf4e,2018
6189794435,2018,ES,MATERIAL_SAMPLE,,,393b8c26-e4e0-4dd0-a218-93fc074ebf4e,2018
6189844157,2018,US,MATERIAL_SAMPLE,,,393b8c26-e4e0-4dd0-a218-93fc074ebf4e,2018
6191084657,2018,ES,MATERIAL_SAMPLE,,,d8cd16ba-bb74-4420-821e-083f2bac17c2,2018
6189744491,2017,ES,MATERIAL_SAMPLE,,,393b8c26-e4e0-4dd0-a218-93fc074ebf4e,2017-07
3347065635,2017,US,MATERIAL_SAMPLE,,,393b8c26-e4e0-4dd0-a218-93fc074ebf4e,2017-08-17
3347095655,2017,US,MATERIAL_SAMPLE,,,393b8c26-e4e0-4dd0-a218-93fc074ebf4e,2017-08-17
3347133710,2017,US,MATERIAL_SAMPLE,,,393b8c26-e4e0-4dd0-a218-93fc074ebf4e,2017-08-17
3347135663,2017,US,MATERIAL_SAMPLE,,,393b8c26-e4e0-4dd0-a218-93fc074ebf4e,2017-08-17
3347141742,2017,US,MATERIAL_SAMPLE,,,393b8c26-e4e0-4dd0-a218-93fc074ebf4e,2017-08-17
3348981872,2017,US,MATERIAL_SAMPLE,,,393b8c26-e4e0-4dd0-a218-93fc074ebf4e,2017-08-17
3349010750,2017,US,MATERIAL_SAMPLE,,,393b8c26-e4e0-4dd0-a218-93fc074ebf4e,2017-08-17
3349084868,2017,US,MATERIAL_SAMPLE,,,393b8c26-e4e0-4dd0-a218-93fc074ebf4e,2017-08-17
3349094670,2017,US,MATERIAL_SAMPLE,,,393b8c26-e4e0-4dd0-a218-93fc074ebf4e,2017-08-17
3349123704,2017,US,MATERIAL_SAMPLE,,,393b8c26-e4e0-4dd0-a218-93fc074ebf4e,2017-08-17
6196092718,2017,ES,MATERIAL_SAMPLE,,,393b8c26-e4e0-4dd0-a218-93fc074ebf4e,2017-08
6196141253,2017,ES,MATERIAL_SAMPLE,38.657333,-0.189,393b8c26-e4e0-4dd0-a218-93fc074ebf4e,2017-08-08
3347065636,2017,US,MATERIAL_SAMPLE,,,393b8c26-e4e0-4dd0-a218-93fc074ebf4e,2017-09-07
3347092620,2017,US,MATERIAL_SAMPLE,,,393b8c26-e4e0-4dd0-a218-93fc074ebf4e,2017-09-07
3347092621,2017,US,MATERIAL_SAMPLE,,,393b8c26-e4e0-4dd0-a218-93fc074ebf4e,2017-09-07
3347095656,2017,US,MATERIAL_SAMPLE,,,393b8c26-e4e0-4dd0-a218-93fc074ebf4e,2017-09-07
3347095657,2017,US,MATERIAL_SAMPLE,,,393b8c26-e4e0-4dd0-a218-93fc074ebf4e,2017-09-07
3347104851,2017,US,MATERIAL_SAMPLE,,,393b8c26-e4e0-4dd0-a218-93fc074ebf4e,2017-09-07
3347104852,2017,US,MATERIAL_SAMPLE,,,393b8c26-e4e0-4dd0-a218-93fc074ebf4e,2017-09-07
3347116650,2017,US,MATERIAL_SAMPLE,,,393b8c26-e4e0-4dd0-a218-93fc074ebf4e,2017-09-07
3347116651,2017,US,MATERIAL_SAMPLE,,,393b8c26-e4e0-4dd0-a218-93fc074ebf4e,2017-09-07
3347116652,2017,US,MATERIAL_SAMPLE,,,393b8c26-e4e0-4dd0-a218-93fc074ebf4e,2017-09-07
3347127725,2017,US,MATERIAL_SAMPLE,,,393b8c26-e4e0-4dd0-a218-93fc074ebf4e,2017-09-07
3347127726,2017,US,MATERIAL_SAMPLE,,,393b8c26-e4e0-4dd0-a218-93fc074ebf4e,2017-09-07
3347127727,2017,US,MATERIAL_SAMPLE,,,393b8c26-e4e0-4dd0-a218-93fc074ebf4e,2017-09-07
3347133708,2017,US,MATERIAL_SAMPLE,,,393b8c26-e4e0-4dd0-a218-93fc074ebf4e,2017-09-07
3347133709,2017,US,MATERIAL_SAMPLE,,,393b8c26-e4e0-4dd0-a218-93fc074ebf4e,2017-09-07
3347133711,2017,US,MATERIAL_SAMPLE,,,393b8c26-e4e0-4dd0-a218-93fc074ebf4e,2017-09-07
3347135664,2017,US,MATERIAL_SAMPLE,,,393b8c26-e4e0-4dd0-a218-93fc074ebf4e,2017-09-07
3347141741,2017,US,MATERIAL_SAMPLE,,,393b8c26-e4e0-4dd0-a218-93fc074ebf4e,2017-09-07
3347141745,2017,US,MATERIAL_SAMPLE,,,393b8c26-e4e0-4dd0-a218-93fc074ebf4e,2017-09-07
3348770868,2017,US,MATERIAL_SAMPLE,,,393b8c26-e4e0-4dd0-a218-93fc074ebf4e,2017-09-07
3348812915,2017,US,MATERIAL_SAMPLE,,,393b8c26-e4e0-4dd0-a218-93fc074ebf4e,2017-09-07
3348837938,2017,US,MATERIAL_SAMPLE,,,393b8c26-e4e0-4dd0-a218-93fc074ebf4e,2017-09-07
3348856872,2017,US,MATERIAL_SAMPLE,,,393b8c26-e4e0-4dd0-a218-93fc074ebf4e,2017-09-07
3348981871,2017,US,MATERIAL_SAMPLE,,,393b8c26-e4e0-4dd0-a218-93fc074ebf4e,2017-09-07
3349010749,2017,US,MATERIAL_SAMPLE,,,393b8c26-e4e0-4dd0-a218-93fc074ebf4e,2017-09-07
3349010751,2017,US,MATERIAL_SAMPLE,,,393b8c26-e4e0-4dd0-a218-93fc074ebf4e,2017-09-07
3349024703,2017,US,MATERIAL_SAMPLE,,,393b8c26-e4e0-4dd0-a218-93fc074ebf4e,2017-09-07
3349024704,2017,US,MATERIAL_SAMPLE,,,393b8c26-e4e0-4dd0-a218-93fc074ebf4e,2017-09-07
3349033788,2017,US,MATERIAL_SAMPLE,,,393b8c26-e4e0-4dd0-a218-93fc074ebf4e,2017-09-07
3349036894,2017,US,MATERIAL_SAMPLE,,,393b8c26-e4e0-4dd0-a218-93fc074ebf4e,2017-09-07
3349066915,2017,US,MATERIAL_SAMPLE,,,393b8c26-e4e0-4dd0-a218-93fc074ebf4e,2017-09-07
3349084869,2017,US,MATERIAL_SAMPLE,,,393b8c26-e4e0-4dd0-a218-93fc074ebf4e,2017-09-07
3349094668,2017,US,MATERIAL_SAMPLE,,,393b8c26-e4e0-4dd0-a218-93fc074ebf4e,2017-09-07
3349094669,2017,US,MATERIAL_SAMPLE,,,393b8c26-e4e0-4dd0-a218-93fc074ebf4e,2017-09-07
3349123705,2017,US,MATERIAL_SAMPLE,,,393b8c26-e4e0-4dd0-a218-93fc074ebf4e,2017-09-07
3349123706,2017,US,MATERIAL_SAMPLE,,,393b8c26-e4e0-4dd0-a218-93fc074ebf4e,2017-09-07
3817555125,2017,US,MATERIAL_SAMPLE,,,393b8c26-e4e0-4dd0-a218-93fc074ebf4e,2017-09-07
3817556183,2017,US,MATERIAL_SAMPLE,,,393b8c26-e4e0-4dd0-a218-93fc074ebf4e,2017-09-07
3817558276,2017,US,MATERIAL_SAMPLE,,,393b8c26-e4e0-4dd0-a218-93fc074ebf4e,2017-09-07
3817561223,2017,US,MATERIAL_SAMPLE,,,393b8c26-e4e0-4dd0-a218-93fc074ebf4e,2017-09-07
3817632242,2017,US,MATERIAL_SAMPLE,,,393b8c26-e4e0-4dd0-a218-93fc074ebf4e,2017-09-07
3817632243,2017,US,MATERIAL_SAMPLE,,,393b8c26-e4e0-4dd0-a218-93fc074ebf4e,2017-09-07
3817633281,2017,US,MATERIAL_SAMPLE,,,393b8c26-e4e0-4dd0-a218-93fc074ebf4e,2017-09-07
3817635156,2017,US,MATERIAL_SAMPLE,,,393b8c26-e4e0-4dd0-a218-93fc074ebf4e,2017-09-07
3817635157,2017,US,MATERIAL_SAMPLE,,,393b8c26-e4e0-4dd0-a218-93fc074ebf4e,2017-09-07
3817636217,2017,US,MATERIAL_SAMPLE,,,393b8c26-e4e0-4dd0-a218-93fc074ebf4e,2017-09-07
3817638199,2017,US,MATERIAL_SAMPLE,,,393b8c26-e4e0-4dd0-a218-93fc074ebf4e,2017-09-07
3817638200,2017,US,MATERIAL_SAMPLE,,,393b8c26-e4e0-4dd0-a218-93fc074ebf4e,2017-09-07
3968693972,2017,US,MATERIAL_SAMPLE,,,393b8c26-e4e0-4dd0-a218-93fc074ebf4e,2017-09-07
3968693975,2017,US,MATERIAL_SAMPLE,,,393b8c26-e4e0-4dd0-a218-93fc074ebf4e,2017-09-07
3968695778,2017,US,MATERIAL_SAMPLE,,,393b8c26-e4e0-4dd0-a218-93fc074ebf4e,2017-09-07
3968696877,2017,US,MATERIAL_SAMPLE,,,393b8c26-e4e0-4dd0-a218-93fc074ebf4e,2017-09-07
3968696880,2017,US,MATERIAL_SAMPLE,,,393b8c26-e4e0-4dd0-a218-93fc074ebf4e,2017-09-07
3992638339,2017,ES,MATERIAL_SAMPLE,38.67,-0.1,393b8c26-e4e0-4dd0-a218-93fc074ebf4e,2017-09-20
6042611400,2017,GB,HUMAN_OBSERVATION,54.74812,-3.058935,bd3d6dd9-6ee1-4261-ade3-305d82e5d9bf,2017-09-14
3347488686,2017,US,MATERIAL_SAMPLE,,,393b8c26-e4e0-4dd0-a218-93fc074ebf4e,2017
3351862427,2017,ES,MATERIAL_SAMPLE,,,d8cd16ba-bb74-4420-821e-083f2bac17c2,2017
3817607420,2017,US,MATERIAL_SAMPLE,,,393b8c26-e4e0-4dd0-a218-93fc074ebf4e,2017
3992802969,2017,ES,MATERIAL_SAMPLE,,,d8cd16ba-bb74-4420-821e-083f2bac17c2,2017
4053173850,2017,FR,MATERIAL_SAMPLE,,,393b8c26-e4e0-4dd0-a218-93fc074ebf4e,2017
4053173852,2017,FR,MATERIAL_SAMPLE,,,393b8c26-e4e0-4dd0-a218-93fc074ebf4e,2017
4053174846,2017,FR,MATERIAL_SAMPLE,,,393b8c26-e4e0-4dd0-a218-93fc074ebf4e,2017
4053175839,2017,FR,MATERIAL_SAMPLE,,,393b8c26-e4e0-4dd0-a218-93fc074ebf4e,2017
4053175840,2017,FR,MATERIAL_SAMPLE,,,393b8c26-e4e0-4dd0-a218-93fc074ebf4e,2017
4053175841,2017,FR,MATERIAL_SAMPLE,,,393b8c26-e4e0-4dd0-a218-93fc074ebf4e,2017
4053176844,2017,FR,MATERIAL_SAMPLE,,,393b8c26-e4e0-4dd0-a218-93fc074ebf4e,2017
4053177871,2017,FR,MATERIAL_SAMPLE,,,393b8c26-e4e0-4dd0-a218-93fc074ebf4e,2017
4053179825,2017,FR,MATERIAL_SAMPLE,,,393b8c26-e4e0-4dd0-a218-93fc074ebf4e,2017
4053179826,2017,FR,MATERIAL_SAMPLE,,,393b8c26-e4e0-4dd0-a218-93fc074ebf4e,2017
4053180822,2017,FR,MATERIAL_SAMPLE,,,393b8c26-e4e0-4dd0-a218-93fc074ebf4e,2017
4153244392,2017,ES,MATERIAL_SAMPLE,,,393b8c26-e4e0-4dd0-a218-93fc074ebf4e,2017
2014251719,2016,AU,MATERIAL_SAMPLE,-33.992,151.2323,a74db578-ac84-4907-ab8f-8de6eaa7df56,2016-04-05
3348682040,2016,US,MATERIAL_SAMPLE,,,393b8c26-e4e0-4dd0-a218-93fc074ebf4e,2016-05-23
2016662341,2016,AU,MATERIAL_SAMPLE,-33.8258,151.2633,a74db578-ac84-4907-ab8f-8de6eaa7df56,2016-06-07
2019076754,2016,AU,MATERIAL_SAMPLE,-33.8258,151.2633,a74db578-ac84-4907-ab8f-8de6eaa7df56,2016-06-07
3347370203,2016,US,MATERIAL_SAMPLE,,,393b8c26-e4e0-4dd0-a218-93fc074ebf4e,2016-10-01
3345989620,2016,US,MATERIAL_SAMPLE,,,393b8c26-e4e0-4dd0-a218-93fc074ebf4e,2016
3347557701,2016,US,MATERIAL_SAMPLE,,,393b8c26-e4e0-4dd0-a218-93fc074ebf4e,2016
3348675002,2016,IR,MATERIAL_SAMPLE,,,393b8c26-e4e0-4dd0-a218-93fc074ebf4e,2016
3817609427,2016,US,MATERIAL_SAMPLE,,,393b8c26-e4e0-4dd0-a218-93fc074ebf4e,2016
4053173853,2016,FR,MATERIAL_SAMPLE,,,393b8c26-e4e0-4dd0-a218-93fc074ebf4e,2016
4053174847,2016,FR,MATERIAL_SAMPLE,,,393b8c26-e4e0-4dd0-a218-93fc074ebf4e,2016
4053174848,2016,FR,MATERIAL_SAMPLE,,,393b8c26-e4e0-4dd0-a218-93fc074ebf4e,2016
4053175842,2016,FR,MATERIAL_SAMPLE,,,393b8c26-e4e0-4dd0-a218-93fc074ebf4e,2016
4053176845,2016,FR,MATERIAL_SAMPLE,,,393b8c26-e4e0-4dd0-a218-93fc074ebf4e,2016
4053176847,2016,FR,MATERIAL_SAMPLE,,,393b8c26-e4e0-4dd0-a218-93fc074ebf4e,2016
4053177869,2016,FR,MATERIAL_SAMPLE,,,393b8c26-e4e0-4dd0-a218-93fc074ebf4e,2016
4053177870,2016,FR,MATERIAL_SAMPLE,,,393b8c26-e4e0-4dd0-a218-93fc074ebf4e,2016
4053178832,2016,FR,MATERIAL_SAMPLE,,,393b8c26-e4e0-4dd0-a218-93fc074ebf4e,2016
4053178834,2016,FR,MATERIAL_SAMPLE,,,393b8c26-e4e0-4dd0-a218-93fc074ebf4e,2016
4053179823,2016,FR,MATERIAL_SAMPLE,,,393b8c26-e4e0-4dd0-a218-93fc074ebf4e,2016
4053180825,2016,FR,MATERIAL_SAMPLE,,,393b8c26-e4e0-4dd0-a218-93fc074ebf4e,2016
4053180827,2016,FR,MATERIAL_SAMPLE,,,393b8c26-e4e0-4dd0-a218-93fc074ebf4e,2016
6189765924,2015,IT,MATERIAL_SAMPLE,,,393b8c26-e4e0-4dd0-a218-93fc074ebf4e,2015-03-15
6191353421,2015,NL,MATERIAL_SAMPLE,52.13,5.29,d8cd16ba-bb74-4420-821e-083f2bac17c2,2015-05-12
6191535237,2015,NL,MATERIAL_SAMPLE,52.13,5.29,d8cd16ba-bb74-4420-821e-083f2bac17c2,2015-05-12
1934754588,2015,TW,PRESERVED_SPECIMEN,,,52440bd0-bd7a-419f-b244-2531dc1bedba,2015-07-30
3345990531,2015,IT,MATERIAL_SAMPLE,40.0,18.07,393b8c26-e4e0-4dd0-a218-93fc074ebf4e,2015
3346408857,2015,IT,MATERIAL_SAMPLE,,,393b8c26-e4e0-4dd0-a218-93fc074ebf4e,2015
3346415911,2015,IT,MATERIAL_SAMPLE,,,393b8c26-e4e0-4dd0-a218-93fc074ebf4e,2015
3346420830,2015,IT,MATERIAL_SAMPLE,,,393b8c26-e4e0-4dd0-a218-93fc074ebf4e,2015
3347488540,2015,IT,MATERIAL_SAMPLE,39.91,18.15,393b8c26-e4e0-4dd0-a218-93fc074ebf4e,2015
3348312093,2015,IT,MATERIAL_SAMPLE,,,393b8c26-e4e0-4dd0-a218-93fc074ebf4e,2015
3348330961,2015,IT,MATERIAL_SAMPLE,,,393b8c26-e4e0-4dd0-a218-93fc074ebf4e,2015
3348338804,2015,IT,MATERIAL_SAMPLE,,,393b8c26-e4e0-4dd0-a218-93fc074ebf4e,2015
3348356983,2015,IT,MATERIAL_SAMPLE,,,393b8c26-e4e0-4dd0-a218-93fc074ebf4e,2015
3348358845,2015,IT,MATERIAL_SAMPLE,,,393b8c26-e4e0-4dd0-a218-93fc074ebf4e,2015
3348383786,2015,IT,MATERIAL_SAMPLE,,,393b8c26-e4e0-4dd0-a218-93fc074ebf4e,2015
3348409778,2015,IT,MATERIAL_SAMPLE,,,393b8c26-e4e0-4dd0-a218-93fc074ebf4e,2015
4053173854,2015,FR,MATERIAL_SAMPLE,,,393b8c26-e4e0-4dd0-a218-93fc074ebf4e,2015
4053173855,2015,FR,MATERIAL_SAMPLE,,,393b8c26-e4e0-4dd0-a218-93fc074ebf4e,2015
4053173856,2015,FR,MATERIAL_SAMPLE,,,393b8c26-e4e0-4dd0-a218-93fc074ebf4e,2015
4053175843,2015,FR,MATERIAL_SAMPLE,,,393b8c26-e4e0-4dd0-a218-93fc074ebf4e,2015
4053175844,2015,FR,MATERIAL_SAMPLE,,,393b8c26-e4e0-4dd0-a218-93fc074ebf4e,2015
4053176810,2015,FR,MATERIAL_SAMPLE,,,393b8c26-e4e0-4dd0-a218-93fc074ebf4e,2015
4053176846,2015,FR,MATERIAL_SAMPLE,,,393b8c26-e4e0-4dd0-a218-93fc074ebf4e,2015
4053178833,2015,FR,MATERIAL_SAMPLE,,,393b8c26-e4e0-4dd0-a218-93fc074ebf4e,2015
4053179820,2015,FR,MATERIAL_SAMPLE,,,393b8c26-e4e0-4dd0-a218-93fc074ebf4e,2015
4053179824,2015,FR,MATERIAL_SAMPLE,,,393b8c26-e4e0-4dd0-a218-93fc074ebf4e,2015
4053180826,2015,FR,MATERIAL_SAMPLE,,,393b8c26-e4e0-4dd0-a218-93fc074ebf4e,2015
4053180828,2015,FR,MATERIAL_SAMPLE,,,393b8c26-e4e0-4dd0-a218-93fc074ebf4e,2015
4153241390,2015,FR,MATERIAL_SAMPLE,,,393b8c26-e4e0-4dd0-a218-93fc074ebf4e,2015
4153243375,2015,FR,MATERIAL_SAMPLE,,,393b8c26-e4e0-4dd0-a218-93fc074ebf4e,2015
6189101326,2015,FR,MATERIAL_SAMPLE,,,393b8c26-e4e0-4dd0-a218-93fc074ebf4e,2015
6189102909,2015,FR,MATERIAL_SAMPLE,,,393b8c26-e4e0-4dd0-a218-93fc074ebf4e,2015
6189214931,2015,CR,MATERIAL_SAMPLE,,,393b8c26-e4e0-4dd0-a218-93fc074ebf4e,2015
6189226156,2015,FR,MATERIAL_SAMPLE,,,393b8c26-e4e0-4dd0-a218-93fc074ebf4e,2015
6189263595,2015,FR,MATERIAL_SAMPLE,,,393b8c26-e4e0-4dd0-a218-93fc074ebf4e,2015
6189277126,2015,FR,MATERIAL_SAMPLE,,,393b8c26-e4e0-4dd0-a218-93fc074ebf4e,2015
6189581958,2015,FR,MATERIAL_SAMPLE,,,393b8c26-e4e0-4dd0-a218-93fc074ebf4e,2015
6189602221,2015,FR,MATERIAL_SAMPLE,,,393b8c26-e4e0-4dd0-a218-93fc074ebf4e,2015
6189628279,2015,FR,MATERIAL_SAMPLE,,,393b8c26-e4e0-4dd0-a218-93fc074ebf4e,2015
6189789752,2015,FR,MATERIAL_SAMPLE,,,393b8c26-e4e0-4dd0-a218-93fc074ebf4e,2015
6189800390,2015,FR,MATERIAL_SAMPLE,,,393b8c26-e4e0-4dd0-a218-93fc074ebf4e,2015
3304435858,2014,GB,MATERIAL_SAMPLE,52.12,-1.36,7bf578b3-5753-4c11-bde0-4370fddf2ce9,2014-01-01
3348084593,2014,AR,MATERIAL_SAMPLE,,,393b8c26-e4e0-4dd0-a218-93fc074ebf4e,2014-04-23
3348130791,2014,AR,MATERIAL_SAMPLE,,,393b8c26-e4e0-4dd0-a218-93fc074ebf4e,2014-04-23
3346240067,2014,IT,MATERIAL_SAMPLE,,,393b8c26-e4e0-4dd0-a218-93fc074ebf4e,2014-05-30
3346241850,2014,IT,MATERIAL_SAMPLE,,,393b8c26-e4e0-4dd0-a218-93fc074ebf4e,2014-05-30
3346250079,2014,IT,MATERIAL_SAMPLE,,,393b8c26-e4e0-4dd0-a218-93fc074ebf4e,2014-05-30
3346267999,2014,IT,MATERIAL_SAMPLE,,,393b8c26-e4e0-4dd0-a218-93fc074ebf4e,2014-05-30
3346270988,2014,IT,MATERIAL_SAMPLE,,,393b8c26-e4e0-4dd0-a218-93fc074ebf4e,2014-05-30
3346278029,2014,IT,MATERIAL_SAMPLE,,,393b8c26-e4e0-4dd0-a218-93fc074ebf4e,2014-05-30
3348159080,2014,IT,MATERIAL_SAMPLE,,,393b8c26-e4e0-4dd0-a218-93fc074ebf4e,2014-05-30
3348165978,2014,IT,MATERIAL_SAMPLE,,,393b8c26-e4e0-4dd0-a218-93fc074ebf4e,2014-05-30
3348193076,2014,IT,MATERIAL_SAMPLE,,,393b8c26-e4e0-4dd0-a218-93fc074ebf4e,2014-05-30
3348193077,2014,IT,MATERIAL_SAMPLE,,,393b8c26-e4e0-4dd0-a218-93fc074ebf4e,2014-05-30
3348199148,2014,IT,MATERIAL_SAMPLE,,,393b8c26-e4e0-4dd0-a218-93fc074ebf4e,2014-05-30
3348204026,2014,IT,MATERIAL_SAMPLE,,,393b8c26-e4e0-4dd0-a218-93fc074ebf4e,2014-05-30
3348219948,2014,IT,MATERIAL_SAMPLE,,,393b8c26-e4e0-4dd0-a218-93fc074ebf4e,2014-05-30
3348243975,2014,IT,MATERIAL_SAMPLE,,,393b8c26-e4e0-4dd0-a218-93fc074ebf4e,2014-05-30
3968661405,2014,IT,MATERIAL_SAMPLE,,,393b8c26-e4e0-4dd0-a218-93fc074ebf4e,2014-06-01
2440384609,2014,US,MATERIAL_SAMPLE,39.0931,-96.5586,ddba492c-057c-473d-8139-38eff66ad347,2014-07-06
3346245022,2014,IT,MATERIAL_SAMPLE,,,393b8c26-e4e0-4dd0-a218-93fc074ebf4e,2014-08-10
3346254053,2014,IT,MATERIAL_SAMPLE,,,393b8c26-e4e0-4dd0-a218-93fc074ebf4e,2014-08-10
3346266020,2014,IT,MATERIAL_SAMPLE,,,393b8c26-e4e0-4dd0-a218-93fc074ebf4e,2014-08-10
3348118874,2014,IT,MATERIAL_SAMPLE,,,393b8c26-e4e0-4dd0-a218-93fc074ebf4e,2014-08-10
3348187005,2014,IT,MATERIAL_SAMPLE,,,393b8c26-e4e0-4dd0-a218-93fc074ebf4e,2014-08-10
3348208032,2014,IT,MATERIAL_SAMPLE,,,393b8c26-e4e0-4dd0-a218-93fc074ebf4e,2014-08-10
3348208033,2014,IT,MATERIAL_SAMPLE,,,393b8c26-e4e0-4dd0-a218-93fc074ebf4e,2014-08-10
2023507990,2014,US,MATERIAL_SAMPLE,38.32,-123.05,22f1d0f1-3bf5-4f2c-b979-667fcd9db2bb,2014-10-20
2023526692,2014,US,MATERIAL_SAMPLE,38.32,-123.05,22f1d0f1-3bf5-4f2c-b979-667fcd9db2bb,2014-10-27
2023531742,2014,US,MATERIAL_SAMPLE,38.32,-123.05,22f1d0f1-3bf5-4f2c-b979-667fcd9db2bb,2014-10-27
2023553918,2014,US,MATERIAL_SAMPLE,38.32,-123.05,22f1d0f1-3bf5-4f2c-b979-667fcd9db2bb,2014-10-27
2023561587,2014,US,MATERIAL_SAMPLE,38.32,-123.05,22f1d0f1-3bf5-4f2c-b979-667fcd9db2bb,2014-10-20
2023583113,2014,US,MATERIAL_SAMPLE,38.32,-123.05,22f1d0f1-3bf5-4f2c-b979-667fcd9db2bb,2014-10-20
2023618932,2014,US,MATERIAL_SAMPLE,38.32,-123.05,22f1d0f1-3bf5-4f2c-b979-667fcd9db2bb,2014-10-27
2023643980,2014,US,MATERIAL_SAMPLE,38.32,-123.05,22f1d0f1-3bf5-4f2c-b979-667fcd9db2bb,2014-10-28
2023685769,2014,US,MATERIAL_SAMPLE,38.32,-123.05,22f1d0f1-3bf5-4f2c-b979-667fcd9db2bb,2014-10-27
2023729813,2014,US,MATERIAL_SAMPLE,38.32,-123.05,22f1d0f1-3bf5-4f2c-b979-667fcd9db2bb,2014-10-20
2023734267,2014,US,MATERIAL_SAMPLE,38.32,-123.05,22f1d0f1-3bf5-4f2c-b979-667fcd9db2bb,2014-10-15
2023736218,2014,US,MATERIAL_SAMPLE,38.32,-123.05,22f1d0f1-3bf5-4f2c-b979-667fcd9db2bb,2014-10-28
2023820075,2014,US,MATERIAL_SAMPLE,38.32,-123.05,22f1d0f1-3bf5-4f2c-b979-667fcd9db2bb,2014-10-20
2023832877,2014,US,MATERIAL_SAMPLE,38.32,-123.05,22f1d0f1-3bf5-4f2c-b979-667fcd9db2bb,2014-10-27
2023860355,2014,US,MATERIAL_SAMPLE,38.32,-123.05,22f1d0f1-3bf5-4f2c-b979-667fcd9db2bb,2014-10-20
2023866015,2014,US,MATERIAL_SAMPLE,38.32,-123.05,22f1d0f1-3bf5-4f2c-b979-667fcd9db2bb,2014-10-27
2023873791,2014,US,MATERIAL_SAMPLE,38.32,-123.05,22f1d0f1-3bf5-4f2c-b979-667fcd9db2bb,2014-10-27
2023915173,2014,US,MATERIAL_SAMPLE,38.32,-123.05,22f1d0f1-3bf5-4f2c-b979-667fcd9db2bb,2014-10-15
2023924463,2014,US,MATERIAL_SAMPLE,38.32,-123.05,22f1d0f1-3bf5-4f2c-b979-667fcd9db2bb,2014-10-27
3346374648,2014,AR,MATERIAL_SAMPLE,,,393b8c26-e4e0-4dd0-a218-93fc074ebf4e,2014-10-27
3346374385,2014,BR,MATERIAL_SAMPLE,,,393b8c26-e4e0-4dd0-a218-93fc074ebf4e,2014
3346383441,2014,BR,MATERIAL_SAMPLE,,,393b8c26-e4e0-4dd0-a218-93fc074ebf4e,2014
3346388320,2014,BR,MATERIAL_SAMPLE,,,393b8c26-e4e0-4dd0-a218-93fc074ebf4e,2014
3346388603,2014,AR,MATERIAL_SAMPLE,,,393b8c26-e4e0-4dd0-a218-93fc074ebf4e,2014
3346395362,2014,BR,MATERIAL_SAMPLE,,,393b8c26-e4e0-4dd0-a218-93fc074ebf4e,2014
3348299127,2014,AR,MATERIAL_SAMPLE,,,393b8c26-e4e0-4dd0-a218-93fc074ebf4e,2014
3348307305,2014,BR,MATERIAL_SAMPLE,,,393b8c26-e4e0-4dd0-a218-93fc074ebf4e,2014
3348327364,2014,BR,MATERIAL_SAMPLE,,,393b8c26-e4e0-4dd0-a218-93fc074ebf4e,2014
3348344280,2014,BR,MATERIAL_SAMPLE,,,393b8c26-e4e0-4dd0-a218-93fc074ebf4e,2014
3348385792,2014,AR,MATERIAL_SAMPLE,,,393b8c26-e4e0-4dd0-a218-93fc074ebf4e,2014
6189288107,2014,US,MATERIAL_SAMPLE,,,393b8c26-e4e0-4dd0-a218-93fc074ebf4e,2014
6189658401,2014,US,MATERIAL_SAMPLE,,,393b8c26-e4e0-4dd0-a218-93fc074ebf4e,2014
6189778655,2014,US,MATERIAL_SAMPLE,,,393b8c26-e4e0-4dd0-a218-93fc074ebf4e,2014
2442088236,2013,US,MATERIAL_SAMPLE,47.6312,-122.2546,a6ab3f74-b667-4423-9df6-af18d73783f0,2013-07-15
2442089924,2013,US,MATERIAL_SAMPLE,47.6312,-122.2546,a6ab3f74-b667-4423-9df6-af18d73783f0,2013-07-15
2442091374,2013,US,MATERIAL_SAMPLE,47.6312,-122.2546,a6ab3f74-b667-4423-9df6-af18d73783f0,2013-07-15
3346167121,2013,IT,MATERIAL_SAMPLE,,,393b8c26-e4e0-4dd0-a218-93fc074ebf4e,2013-09-15
3346167122,2013,IT,MATERIAL_SAMPLE,,,393b8c26-e4e0-4dd0-a218-93fc074ebf4e,2013-09-15
3346167985,2013,IT,MATERIAL_SAMPLE,,,393b8c26-e4e0-4dd0-a218-93fc074ebf4e,2013-09-15
3346167986,2013,IT,MATERIAL_SAMPLE,,,393b8c26-e4e0-4dd0-a218-93fc074ebf4e,2013-09-15
3346169175,2013,IT,MATERIAL_SAMPLE,,,393b8c26-e4e0-4dd0-a218-93fc074ebf4e,2013-09-15
3346169176,2013,IT,MATERIAL_SAMPLE,,,393b8c26-e4e0-4dd0-a218-93fc074ebf4e,2013-09-15
3346169177,2013,IT,MATERIAL_SAMPLE,,,393b8c26-e4e0-4dd0-a218-93fc074ebf4e,2013-09-15
3346185220,2013,IT,MATERIAL_SAMPLE,,,393b8c26-e4e0-4dd0-a218-93fc074ebf4e,2013-09-20
3346185221,2013,IT,MATERIAL_SAMPLE,,,393b8c26-e4e0-4dd0-a218-93fc074ebf4e,2013-09-20
3346185222,2013,IT,MATERIAL_SAMPLE,,,393b8c26-e4e0-4dd0-a218-93fc074ebf4e,2013-09-20
3346186158,2013,IT,MATERIAL_SAMPLE,,,393b8c26-e4e0-4dd0-a218-93fc074ebf4e,2013-09-27
3346187138,2013,IT,MATERIAL_SAMPLE,,,393b8c26-e4e0-4dd0-a218-93fc074ebf4e,2013-09-15
3346187139,2013,IT,MATERIAL_SAMPLE,,,393b8c26-e4e0-4dd0-a218-93fc074ebf4e,2013-09-15
3346187140,2013,IT,MATERIAL_SAMPLE,,,393b8c26-e4e0-4dd0-a218-93fc074ebf4e,2013-09-15
3346188112,2013,IT,MATERIAL_SAMPLE,,,393b8c26-e4e0-4dd0-a218-93fc074ebf4e,2013-09-20
3346188113,2013,IT,MATERIAL_SAMPLE,,,393b8c26-e4e0-4dd0-a218-93fc074ebf4e,2013-09-20
3346189140,2013,IT,MATERIAL_SAMPLE,,,393b8c26-e4e0-4dd0-a218-93fc074ebf4e,2013-09-27
3346189141,2013,IT,MATERIAL_SAMPLE,,,393b8c26-e4e0-4dd0-a218-93fc074ebf4e,2013-09-27
3346190113,2013,IT,MATERIAL_SAMPLE,,,393b8c26-e4e0-4dd0-a218-93fc074ebf4e,2013-09-15
3346190114,2013,IT,MATERIAL_SAMPLE,,,393b8c26-e4e0-4dd0-a218-93fc074ebf4e,2013-09-15
3348028046,2013,IT,MATERIAL_SAMPLE,,,393b8c26-e4e0-4dd0-a218-93fc074ebf4e,2013-09-27
3348028047,2013,IT,MATERIAL_SAMPLE,,,393b8c26-e4e0-4dd0-a218-93fc074ebf4e,2013-09-27
3348069233,2013,IT,MATERIAL_SAMPLE,,,393b8c26-e4e0-4dd0-a218-93fc074ebf4e,2013-09-15
3348069234,2013,IT,MATERIAL_SAMPLE,,,393b8c26-e4e0-4dd0-a218-93fc074ebf4e,2013-09-15
3348094200,2013,IT,MATERIAL_SAMPLE,,,393b8c26-e4e0-4dd0-a218-93fc074ebf4e,2013-09-27
3348094201,2013,IT,MATERIAL_SAMPLE,,,393b8c26-e4e0-4dd0-a218-93fc074ebf4e,2013-09-27
3348098232,2013,IT,MATERIAL_SAMPLE,,,393b8c26-e4e0-4dd0-a218-93fc074ebf4e,2013-09-15
3348098233,2013,IT,MATERIAL_SAMPLE,,,393b8c26-e4e0-4dd0-a218-93fc074ebf4e,2013-09-15
3348108272,2013,IT,MATERIAL_SAMPLE,,,393b8c26-e4e0-4dd0-a218-93fc074ebf4e,2013-09-15
3348108273,2013,IT,MATERIAL_SAMPLE,,,393b8c26-e4e0-4dd0-a218-93fc074ebf4e,2013-09-20
3348111212,2013,IT,MATERIAL_SAMPLE,,,393b8c26-e4e0-4dd0-a218-93fc074ebf4e,2013-09-15
3348113240,2013,IT,MATERIAL_SAMPLE,,,393b8c26-e4e0-4dd0-a218-93fc074ebf4e,2013-09-20
3348122139,2013,IT,MATERIAL_SAMPLE,,,393b8c26-e4e0-4dd0-a218-93fc074ebf4e,2013-09-15
3348122140,2013,IT,MATERIAL_SAMPLE,,,393b8c26-e4e0-4dd0-a218-93fc074ebf4e,2013-09-15
3348122141,2013,IT,MATERIAL_SAMPLE,,,393b8c26-e4e0-4dd0-a218-93fc074ebf4e,2013-09-15
3346186159,2013,IT,MATERIAL_SAMPLE,,,393b8c26-e4e0-4dd0-a218-93fc074ebf4e,2013-10-20
3346186160,2013,IT,MATERIAL_SAMPLE,,,393b8c26-e4e0-4dd0-a218-93fc074ebf4e,2013-10-20
3346193161,2013,IT,MATERIAL_SAMPLE,,,393b8c26-e4e0-4dd0-a218-93fc074ebf4e,2013-10-20
3348074146,2013,IT,MATERIAL_SAMPLE,,,393b8c26-e4e0-4dd0-a218-93fc074ebf4e,2013-10-20
3348074147,2013,IT,MATERIAL_SAMPLE,,,393b8c26-e4e0-4dd0-a218-93fc074ebf4e,2013-10-20
3348143186,2013,IT,MATERIAL_SAMPLE,,,393b8c26-e4e0-4dd0-a218-93fc074ebf4e,2013-10-20
3348143187,2013,IT,MATERIAL_SAMPLE,,,393b8c26-e4e0-4dd0-a218-93fc074ebf4e,2013-10-20
3346191501,2013,IT,MATERIAL_SAMPLE,,,393b8c26-e4e0-4dd0-a218-93fc074ebf4e,2013-11-04
3346206619,2013,IT,MATERIAL_SAMPLE,,,393b8c26-e4e0-4dd0-a218-93fc074ebf4e,2013-11-04
3346207610,2013,IT,MATERIAL_SAMPLE,,,393b8c26-e4e0-4dd0-a218-93fc074ebf4e,2013-11-04
3348057559,2013,IT,MATERIAL_SAMPLE,,,393b8c26-e4e0-4dd0-a218-93fc074ebf4e,2013-11-04
3348103659,2013,IT,MATERIAL_SAMPLE,,,393b8c26-e4e0-4dd0-a218-93fc074ebf4e,2013-11-04
3348131757,2013,IT,MATERIAL_SAMPLE,,,393b8c26-e4e0-4dd0-a218-93fc074ebf4e,2013-11-04
4153245395,2013,US,MATERIAL_SAMPLE,,,393b8c26-e4e0-4dd0-a218-93fc074ebf4e,2013
6189520790,2013,US,MATERIAL_SAMPLE,,,393b8c26-e4e0-4dd0-a218-93fc074ebf4e,2013
6189801289,2013,US,MATERIAL_SAMPLE,,,393b8c26-e4e0-4dd0-a218-93fc074ebf4e,2013
6189832478,2013,US,MATERIAL_SAMPLE,,,393b8c26-e4e0-4dd0-a218-93fc074ebf4e,2013
3347128748,2012,IR,MATERIAL_SAMPLE,31.32,48.67,d8cd16ba-bb74-4420-821e-083f2bac17c2,2012-05-08
3347397953,2012,FR,MATERIAL_SAMPLE,,,393b8c26-e4e0-4dd0-a218-93fc074ebf4e,2012-05-21
6189519763,2012,CO,MATERIAL_SAMPLE,4.970533,-75.64918,393b8c26-e4e0-4dd0-a218-93fc074ebf4e,2012-07
3348174211,2012,US,PRESERVED_SPECIMEN,38.89,-76.98,393b8c26-e4e0-4dd0-a218-93fc074ebf4e,2012-08-19
3968676046,2012,US,PRESERVED_SPECIMEN,38.94,-76.97,393b8c26-e4e0-4dd0-a218-93fc074ebf4e,2012-08-19
3992635170,2012,US,PRESERVED_SPECIMEN,38.89,-76.98,393b8c26-e4e0-4dd0-a218-93fc074ebf4e,2012-08-11
4008198756,2012,US,PRESERVED_SPECIMEN,38.95,-76.99,393b8c26-e4e0-4dd0-a218-93fc074ebf4e,2012-08-01
4008200734,2012,US,PRESERVED_SPECIMEN,38.98,-77.03,393b8c26-e4e0-4dd0-a218-93fc074ebf4e,2012-08-13
4013265632,2012,US,PRESERVED_SPECIMEN,38.94,-77.03,393b8c26-e4e0-4dd0-a218-93fc074ebf4e,2012-08-16
4041980369,2012,US,PRESERVED_SPECIMEN,38.88,-77.01,393b8c26-e4e0-4dd0-a218-93fc074ebf4e,2012-08-16
6253559353,2012,US,PRESERVED_SPECIMEN,38.94,-77.07,393b8c26-e4e0-4dd0-a218-93fc074ebf4e,2012-08-13
3347384999,2012,FR,MATERIAL_SAMPLE,,,393b8c26-e4e0-4dd0-a218-93fc074ebf4e,2012-09-27
2440796129,2012,FI,MATERIAL_SAMPLE,60.866,25.268,320c348b-7470-4ef2-9e0a-36d4a527b7b3,2012-10-24
2440799156,2012,FI,MATERIAL_SAMPLE,60.866,25.268,320c348b-7470-4ef2-9e0a-36d4a527b7b3,2012-10-24
3347353804,2012,TW,MATERIAL_SAMPLE,24.3312,120.7011,393b8c26-e4e0-4dd0-a218-93fc074ebf4e,2012
3349297941,2012,TW,MATERIAL_SAMPLE,24.3159,120.6981,393b8c26-e4e0-4dd0-a218-93fc074ebf4e,2012
6189442785,2012,FR,MATERIAL_SAMPLE,,,393b8c26-e4e0-4dd0-a218-93fc074ebf4e,2012
6189536237,2012,US,MATERIAL_SAMPLE,38.297539,-122.286865,393b8c26-e4e0-4dd0-a218-93fc074ebf4e,2012
3345983635,2011,US,MATERIAL_SAMPLE,,,393b8c26-e4e0-4dd0-a218-93fc074ebf4e,2011-05
3348068657,2011,US,MATERIAL_SAMPLE,,,393b8c26-e4e0-4dd0-a218-93fc074ebf4e,2011-05-04
3348093599,2011,US,MATERIAL_SAMPLE,,,393b8c26-e4e0-4dd0-a218-93fc074ebf4e,2011-05-04
3348097638,2011,US,MATERIAL_SAMPLE,,,393b8c26-e4e0-4dd0-a218-93fc074ebf4e,2011-05-04
3348107655,2011,US,MATERIAL_SAMPLE,,,393b8c26-e4e0-4dd0-a218-93fc074ebf4e,2011-05-04
3348110588,2011,US,MATERIAL_SAMPLE,,,393b8c26-e4e0-4dd0-a218-93fc074ebf4e,2011-05-04
3348112629,2011,US,MATERIAL_SAMPLE,,,393b8c26-e4e0-4dd0-a218-93fc074ebf4e,2011-05-04
3348121551,2011,US,MATERIAL_SAMPLE,,,393b8c26-e4e0-4dd0-a218-93fc074ebf4e,2011-05-04
3348142587,2011,US,MATERIAL_SAMPLE,,,393b8c26-e4e0-4dd0-a218-93fc074ebf4e,2011-05-04
2441974502,2011,SJ,MATERIAL_SAMPLE,78.08,16.07,481360ed-3ba8-4af8-89b8-8a3162f73e41,2011-08-23
2441975063,2011,SJ,MATERIAL_SAMPLE,78.08,16.07,481360ed-3ba8-4af8-89b8-8a3162f73e41,2011-08-23
3346154439,2011,US,MATERIAL_SAMPLE,,,393b8c26-e4e0-4dd0-a218-93fc074ebf4e,2011-09-20
3346154454,2011,US,MATERIAL_SAMPLE,,,393b8c26-e4e0-4dd0-a218-93fc074ebf4e,2011-09-20
3346155426,2011,US,MATERIAL_SAMPLE,,,393b8c26-e4e0-4dd0-a218-93fc074ebf4e,2011-09-20
3346156367,2011,US,MATERIAL_SAMPLE,,,393b8c26-e4e0-4dd0-a218-93fc074ebf4e,2011-09-20
3346156380,2011,US,MATERIAL_SAMPLE,,,393b8c26-e4e0-4dd0-a218-93fc074ebf4e,2011-09-20
3346158382,2011,US,MATERIAL_SAMPLE,,,393b8c26-e4e0-4dd0-a218-93fc074ebf4e,2011-09-20
3346165392,2011,US,MATERIAL_SAMPLE,,,393b8c26-e4e0-4dd0-a218-93fc074ebf4e,2011-09-20
3348091386,2011,US,MATERIAL_SAMPLE,,,393b8c26-e4e0-4dd0-a218-93fc074ebf4e,2011-09-20
3348111419,2011,US,MATERIAL_SAMPLE,,,393b8c26-e4e0-4dd0-a218-93fc074ebf4e,2011-09-20
3346101974,2011,US,MATERIAL_SAMPLE,,,393b8c26-e4e0-4dd0-a218-93fc074ebf4e,2011-10-10
3346104014,2011,US,MATERIAL_SAMPLE,,,393b8c26-e4e0-4dd0-a218-93fc074ebf4e,2011-10-18
3346107060,2011,US,MATERIAL_SAMPLE,,,393b8c26-e4e0-4dd0-a218-93fc074ebf4e,2011-10-18
3347847006,2011,US,MATERIAL_SAMPLE,,,393b8c26-e4e0-4dd0-a218-93fc074ebf4e,2011-10-10
3345983680,2011,US,MATERIAL_SAMPLE,,,393b8c26-e4e0-4dd0-a218-93fc074ebf4e,2011
4053179822,2011,US,MATERIAL_SAMPLE,,,393b8c26-e4e0-4dd0-a218-93fc074ebf4e,2011
6189096354,2011,US,MATERIAL_SAMPLE,33.973768,-117.327817,393b8c26-e4e0-4dd0-a218-93fc074ebf4e,2011
2870841326,2010,US,MATERIAL_SAMPLE,19.79,-156.0292,952538f5-e8cc-4f95-a01a-919db91ae6ae,2010-07-01
2870853733,2010,US,MATERIAL_SAMPLE,19.79,-156.0292,952538f5-e8cc-4f95-a01a-919db91ae6ae,2010-07-01
2440469770,2010,US,MATERIAL_SAMPLE,39.5291,-107.7724,415860c4-137b-4617-9d10-a51885e35491,2010-09-09
3346101632,2010,US,MATERIAL_SAMPLE,,,393b8c26-e4e0-4dd0-a218-93fc074ebf4e,2010-09-14
3346101634,2010,US,MATERIAL_SAMPLE,,,393b8c26-e4e0-4dd0-a218-93fc074ebf4e,2010-09-14
3346101635,2010,US,MATERIAL_SAMPLE,,,393b8c26-e4e0-4dd0-a218-93fc074ebf4e,2010-09-14
3346101638,2010,US,MATERIAL_SAMPLE,,,393b8c26-e4e0-4dd0-a218-93fc074ebf4e,2010-09-14
3346101639,2010,US,MATERIAL_SAMPLE,,,393b8c26-e4e0-4dd0-a218-93fc074ebf4e,2010-09-01
3346102684,2010,US,MATERIAL_SAMPLE,,,393b8c26-e4e0-4dd0-a218-93fc074ebf4e,2010-09-14
3346103672,2010,US,MATERIAL_SAMPLE,,,393b8c26-e4e0-4dd0-a218-93fc074ebf4e,2010-09-14
3346103676,2010,US,MATERIAL_SAMPLE,,,393b8c26-e4e0-4dd0-a218-93fc074ebf4e,2010-09-14
3346103683,2010,US,MATERIAL_SAMPLE,,,393b8c26-e4e0-4dd0-a218-93fc074ebf4e,2010-09-14
3346103684,2010,US,MATERIAL_SAMPLE,,,393b8c26-e4e0-4dd0-a218-93fc074ebf4e,2010-09-14
3346104678,2010,US,MATERIAL_SAMPLE,,,393b8c26-e4e0-4dd0-a218-93fc074ebf4e,2010-09-14
3346104681,2010,US,MATERIAL_SAMPLE,,,393b8c26-e4e0-4dd0-a218-93fc074ebf4e,2010-09-14
3346105766,2010,US,MATERIAL_SAMPLE,,,393b8c26-e4e0-4dd0-a218-93fc074ebf4e,2010-09-14
3346105770,2010,US,MATERIAL_SAMPLE,,,393b8c26-e4e0-4dd0-a218-93fc074ebf4e,2010-09-14
3346106720,2010,US,MATERIAL_SAMPLE,,,393b8c26-e4e0-4dd0-a218-93fc074ebf4e,2010-09-14
3346106722,2010,US,MATERIAL_SAMPLE,,,393b8c26-e4e0-4dd0-a218-93fc074ebf4e,2010-09-14
3346106723,2010,US,MATERIAL_SAMPLE,,,393b8c26-e4e0-4dd0-a218-93fc074ebf4e,2010-09-01
3346107725,2010,US,MATERIAL_SAMPLE,,,393b8c26-e4e0-4dd0-a218-93fc074ebf4e,2010-09-14
3346107728,2010,US,MATERIAL_SAMPLE,,,393b8c26-e4e0-4dd0-a218-93fc074ebf4e,2010-09-14
3346107731,2010,US,MATERIAL_SAMPLE,,,393b8c26-e4e0-4dd0-a218-93fc074ebf4e,2010-09-14
3346108731,2010,US,MATERIAL_SAMPLE,,,393b8c26-e4e0-4dd0-a218-93fc074ebf4e,2010-09-14
3346108733,2010,US,MATERIAL_SAMPLE,,,393b8c26-e4e0-4dd0-a218-93fc074ebf4e,2010-09-14
3346108736,2010,US,MATERIAL_SAMPLE,,,393b8c26-e4e0-4dd0-a218-93fc074ebf4e,2010-09-14
3346109716,2010,US,MATERIAL_SAMPLE,,,393b8c26-e4e0-4dd0-a218-93fc074ebf4e,2010-09-14
3346109717,2010,US,MATERIAL_SAMPLE,,,393b8c26-e4e0-4dd0-a218-93fc074ebf4e,2010-09-14
3346109720,2010,US,MATERIAL_SAMPLE,,,393b8c26-e4e0-4dd0-a218-93fc074ebf4e,2010-09-14
3346109721,2010,US,MATERIAL_SAMPLE,,,393b8c26-e4e0-4dd0-a218-93fc074ebf4e,2010-09-01
3346110762,2010,US,MATERIAL_SAMPLE,,,393b8c26-e4e0-4dd0-a218-93fc074ebf4e,2010-09-14
3346110765,2010,US,MATERIAL_SAMPLE,,,393b8c26-e4e0-4dd0-a218-93fc074ebf4e,2010-09-14
3346110771,2010,US,MATERIAL_SAMPLE,,,393b8c26-e4e0-4dd0-a218-93fc074ebf4e,2010-09-14
3347846671,2010,US,MATERIAL_SAMPLE,,,393b8c26-e4e0-4dd0-a218-93fc074ebf4e,2010-09-14
3347846673,2010,US,MATERIAL_SAMPLE,,,393b8c26-e4e0-4dd0-a218-93fc074ebf4e,2010-09-01
3347879738,2010,US,MATERIAL_SAMPLE,,,393b8c26-e4e0-4dd0-a218-93fc074ebf4e,2010-09-14
3347879739,2010,US,MATERIAL_SAMPLE,,,393b8c26-e4e0-4dd0-a218-93fc074ebf4e,2010-09-01
3347879744,2010,US,MATERIAL_SAMPLE,,,393b8c26-e4e0-4dd0-a218-93fc074ebf4e,2010-09-14
3347879754,2010,US,MATERIAL_SAMPLE,,,393b8c26-e4e0-4dd0-a218-93fc074ebf4e,2010-09-14
3347891852,2010,US,MATERIAL_SAMPLE,,,393b8c26-e4e0-4dd0-a218-93fc074ebf4e,2010-09-14
3347897802,2010,US,MATERIAL_SAMPLE,,,393b8c26-e4e0-4dd0-a218-93fc074ebf4e,2010-09-14
3347897806,2010,US,MATERIAL_SAMPLE,,,393b8c26-e4e0-4dd0-a218-93fc074ebf4e,2010-09-01
3347920761,2010,US,MATERIAL_SAMPLE,,,393b8c26-e4e0-4dd0-a218-93fc074ebf4e,2010-09-14
3347920765,2010,US,MATERIAL_SAMPLE,,,393b8c26-e4e0-4dd0-a218-93fc074ebf4e,2010-09-01
3347922683,2010,US,MATERIAL_SAMPLE,,,393b8c26-e4e0-4dd0-a218-93fc074ebf4e,2010-09-14
3347925805,2010,US,MATERIAL_SAMPLE,,,393b8c26-e4e0-4dd0-a218-93fc074ebf4e,2010-09-01
3347932792,2010,US,MATERIAL_SAMPLE,,,393b8c26-e4e0-4dd0-a218-93fc074ebf4e,2010-09-01
3347949726,2010,US,MATERIAL_SAMPLE,,,393b8c26-e4e0-4dd0-a218-93fc074ebf4e,2010-09-14
3349357680,2010,US,MATERIAL_SAMPLE,,,393b8c26-e4e0-4dd0-a218-93fc074ebf4e,2010-09-28
3347402886,2010,BR,MATERIAL_SAMPLE,,,393b8c26-e4e0-4dd0-a218-93fc074ebf4e,2010
3346240230,2009,BR,MATERIAL_SAMPLE,,,393b8c26-e4e0-4dd0-a218-93fc074ebf4e,2009-01-01
3346242008,2009,BR,MATERIAL_SAMPLE,,,393b8c26-e4e0-4dd0-a218-93fc074ebf4e,2009-01-01
3346245198,2009,BR,MATERIAL_SAMPLE,,,393b8c26-e4e0-4dd0-a218-93fc074ebf4e,2009-01-01
3346245199,2009,BR,MATERIAL_SAMPLE,,,393b8c26-e4e0-4dd0-a218-93fc074ebf4e,2009-01-01
3346250257,2009,BR,MATERIAL_SAMPLE,,,393b8c26-e4e0-4dd0-a218-93fc074ebf4e,2009-01-01
3346250258,2009,BR,MATERIAL_SAMPLE,,,393b8c26-e4e0-4dd0-a218-93fc074ebf4e,2009-01-01
3346254240,2009,BR,MATERIAL_SAMPLE,,,393b8c26-e4e0-4dd0-a218-93fc074ebf4e,2009-01-01
3346261138,2009,BR,MATERIAL_SAMPLE,,,393b8c26-e4e0-4dd0-a218-93fc074ebf4e,2009-01-01
3346261139,2009,BR,MATERIAL_SAMPLE,,,393b8c26-e4e0-4dd0-a218-93fc074ebf4e,2009-01-01
3346266175,2009,BR,MATERIAL_SAMPLE,,,393b8c26-e4e0-4dd0-a218-93fc074ebf4e,2009-01-01
3346268172,2009,BR,MATERIAL_SAMPLE,,,393b8c26-e4e0-4dd0-a218-93fc074ebf4e,2009-01-01
3346271138,2009,BR,MATERIAL_SAMPLE,,,393b8c26-e4e0-4dd0-a218-93fc074ebf4e,2009-01-01
3348119027,2009,BR,MATERIAL_SAMPLE,,,393b8c26-e4e0-4dd0-a218-93fc074ebf4e,2009-01-01
3348159226,2009,BR,MATERIAL_SAMPLE,,,393b8c26-e4e0-4dd0-a218-93fc074ebf4e,2009-01-01
3348166121,2009,BR,MATERIAL_SAMPLE,,,393b8c26-e4e0-4dd0-a218-93fc074ebf4e,2009-01-01
3348187160,2009,BR,MATERIAL_SAMPLE,,,393b8c26-e4e0-4dd0-a218-93fc074ebf4e,2009-01-01
3348193227,2009,BR,MATERIAL_SAMPLE,,,393b8c26-e4e0-4dd0-a218-93fc074ebf4e,2009-01-01
3348208190,2009,BR,MATERIAL_SAMPLE,,,393b8c26-e4e0-4dd0-a218-93fc074ebf4e,2009-01-01
3348220122,2009,BR,MATERIAL_SAMPLE,,,393b8c26-e4e0-4dd0-a218-93fc074ebf4e,2009-01-01
3348231302,2009,BR,MATERIAL_SAMPLE,,,393b8c26-e4e0-4dd0-a218-93fc074ebf4e,2009-01-01
3348244143,2009,BR,MATERIAL_SAMPLE,,,393b8c26-e4e0-4dd0-a218-93fc074ebf4e,2009-01-01
3346101636,2009,US,MATERIAL_SAMPLE,,,393b8c26-e4e0-4dd0-a218-93fc074ebf4e,2009-02-25
3346106719,2009,US,MATERIAL_SAMPLE,,,393b8c26-e4e0-4dd0-a218-93fc074ebf4e,2009-02-25
3346106721,2009,US,MATERIAL_SAMPLE,,,393b8c26-e4e0-4dd0-a218-93fc074ebf4e,2009-02-25
3346109718,2009,US,MATERIAL_SAMPLE,,,393b8c26-e4e0-4dd0-a218-93fc074ebf4e,2009-02-25
3347891854,2009,US,MATERIAL_SAMPLE,,,393b8c26-e4e0-4dd0-a218-93fc074ebf4e,2009-02-25
3347897804,2009,US,MATERIAL_SAMPLE,,,393b8c26-e4e0-4dd0-a218-93fc074ebf4e,2009-02-25
3347920764,2009,US,MATERIAL_SAMPLE,,,393b8c26-e4e0-4dd0-a218-93fc074ebf4e,2009-02-25
3347925803,2009,US,MATERIAL_SAMPLE,,,393b8c26-e4e0-4dd0-a218-93fc074ebf4e,2009-02-25
3347925804,2009,US,MATERIAL_SAMPLE,,,393b8c26-e4e0-4dd0-a218-93fc074ebf4e,2009-02-25
3346102683,2009,US,MATERIAL_SAMPLE,,,393b8c26-e4e0-4dd0-a218-93fc074ebf4e,2009-03-06
3346105765,2009,US,MATERIAL_SAMPLE,,,393b8c26-e4e0-4dd0-a218-93fc074ebf4e,2009-03-06
3346107723,2009,US,MATERIAL_SAMPLE,,,393b8c26-e4e0-4dd0-a218-93fc074ebf4e,2009-03-06
3346107724,2009,US,MATERIAL_SAMPLE,,,393b8c26-e4e0-4dd0-a218-93fc074ebf4e,2009-03-06
3347904793,2009,US,MATERIAL_SAMPLE,,,393b8c26-e4e0-4dd0-a218-93fc074ebf4e,2009-03-06
3347904796,2009,US,MATERIAL_SAMPLE,,,393b8c26-e4e0-4dd0-a218-93fc074ebf4e,2009-03-06
3347922685,2009,US,MATERIAL_SAMPLE,,,393b8c26-e4e0-4dd0-a218-93fc074ebf4e,2009-03-06
3347925810,2009,US,MATERIAL_SAMPLE,,,393b8c26-e4e0-4dd0-a218-93fc074ebf4e,2009-03-06
3347932797,2009,US,MATERIAL_SAMPLE,,,393b8c26-e4e0-4dd0-a218-93fc074ebf4e,2009-03-06
3346102685,2009,US,MATERIAL_SAMPLE,,,393b8c26-e4e0-4dd0-a218-93fc074ebf4e,2009-04-16
3346105767,2009,US,MATERIAL_SAMPLE,,,393b8c26-e4e0-4dd0-a218-93fc074ebf4e,2009-04-16
3346107726,2009,US,MATERIAL_SAMPLE,,,393b8c26-e4e0-4dd0-a218-93fc074ebf4e,2009-04-16
3346108730,2009,US,MATERIAL_SAMPLE,,,393b8c26-e4e0-4dd0-a218-93fc074ebf4e,2009-04-16
3346108732,2009,US,MATERIAL_SAMPLE,,,393b8c26-e4e0-4dd0-a218-93fc074ebf4e,2009-04-16
3347904799,2009,US,MATERIAL_SAMPLE,,,393b8c26-e4e0-4dd0-a218-93fc074ebf4e,2009-04-16
3347932800,2009,US,MATERIAL_SAMPLE,,,393b8c26-e4e0-4dd0-a218-93fc074ebf4e,2009-04-16
3347949720,2009,US,MATERIAL_SAMPLE,,,393b8c26-e4e0-4dd0-a218-93fc074ebf4e,2009-04-16
3347949723,2009,US,MATERIAL_SAMPLE,,,393b8c26-e4e0-4dd0-a218-93fc074ebf4e,2009-04-16
3345987664,2009,US,MATERIAL_SAMPLE,,,393b8c26-e4e0-4dd0-a218-93fc074ebf4e,2009-08
3346166529,2009,US,MATERIAL_SAMPLE,,,393b8c26-e4e0-4dd0-a218-93fc074ebf4e,2009-08-11
3346168573,2009,US,MATERIAL_SAMPLE,,,393b8c26-e4e0-4dd0-a218-93fc074ebf4e,2009-08-11
3346185590,2009,US,MATERIAL_SAMPLE,,,393b8c26-e4e0-4dd0-a218-93fc074ebf4e,2009-08-11
3346186538,2009,US,MATERIAL_SAMPLE,,,393b8c26-e4e0-4dd0-a218-93fc074ebf4e,2009-08-11
3346188544,2009,US,MATERIAL_SAMPLE,,,393b8c26-e4e0-4dd0-a218-93fc074ebf4e,2009-08-11
3346189532,2009,US,MATERIAL_SAMPLE,,,393b8c26-e4e0-4dd0-a218-93fc074ebf4e,2009-08-11
3346192588,2009,US,MATERIAL_SAMPLE,,,393b8c26-e4e0-4dd0-a218-93fc074ebf4e,2009-08-11
3348121552,2009,US,MATERIAL_SAMPLE,,,393b8c26-e4e0-4dd0-a218-93fc074ebf4e,2009-08-11
3817592694,2009,BR,MATERIAL_SAMPLE,-11.4816,-37.933601,393b8c26-e4e0-4dd0-a218-93fc074ebf4e,2009-08-01
3817602664,2009,BR,MATERIAL_SAMPLE,-20.949529,-48.47929,393b8c26-e4e0-4dd0-a218-93fc074ebf4e,2009-08-01
3346101642,2009,US,MATERIAL_SAMPLE,,,393b8c26-e4e0-4dd0-a218-93fc074ebf4e,2009-10-15
3346102679,2009,US,MATERIAL_SAMPLE,,,393b8c26-e4e0-4dd0-a218-93fc074ebf4e,2009-10-15
3346102680,2009,US,MATERIAL_SAMPLE,,,393b8c26-e4e0-4dd0-a218-93fc074ebf4e,2009-10-15
3346103675,2009,US,MATERIAL_SAMPLE,,,393b8c26-e4e0-4dd0-a218-93fc074ebf4e,2009-10-15
3346103679,2009,US,MATERIAL_SAMPLE,,,393b8c26-e4e0-4dd0-a218-93fc074ebf4e,2009-10-15
3346103680,2009,US,MATERIAL_SAMPLE,,,393b8c26-e4e0-4dd0-a218-93fc074ebf4e,2009-10-15
3346104682,2009,US,MATERIAL_SAMPLE,,,393b8c26-e4e0-4dd0-a218-93fc074ebf4e,2009-10-15
3346106727,2009,US,MATERIAL_SAMPLE,,,393b8c26-e4e0-4dd0-a218-93fc074ebf4e,2009-10-15
3346106731,2009,US,MATERIAL_SAMPLE,,,393b8c26-e4e0-4dd0-a218-93fc074ebf4e,2009-10-15
3346107730,2009,US,MATERIAL_SAMPLE,,,393b8c26-e4e0-4dd0-a218-93fc074ebf4e,2009-10-15
3346108735,2009,US,MATERIAL_SAMPLE,,,393b8c26-e4e0-4dd0-a218-93fc074ebf4e,2009-10-15
3346108739,2009,US,MATERIAL_SAMPLE,,,393b8c26-e4e0-4dd0-a218-93fc074ebf4e,2009-10-15
3346108740,2009,US,MATERIAL_SAMPLE,,,393b8c26-e4e0-4dd0-a218-93fc074ebf4e,2009-10-15
3346109708,2009,US,MATERIAL_SAMPLE,,,393b8c26-e4e0-4dd0-a218-93fc074ebf4e,2009-10-15
3346109710,2009,US,MATERIAL_SAMPLE,,,393b8c26-e4e0-4dd0-a218-93fc074ebf4e,2009-10-15
3346109712,2009,US,MATERIAL_SAMPLE,,,393b8c26-e4e0-4dd0-a218-93fc074ebf4e,2009-10-15
3346109714,2009,US,MATERIAL_SAMPLE,,,393b8c26-e4e0-4dd0-a218-93fc074ebf4e,2009-10-15
3346110768,2009,US,MATERIAL_SAMPLE,,,393b8c26-e4e0-4dd0-a218-93fc074ebf4e,2009-10-15
3346110769,2009,US,MATERIAL_SAMPLE,,,393b8c26-e4e0-4dd0-a218-93fc074ebf4e,2009-10-15
3347846677,2009,US,MATERIAL_SAMPLE,,,393b8c26-e4e0-4dd0-a218-93fc074ebf4e,2009-10-15
3347846681,2009,US,MATERIAL_SAMPLE,,,393b8c26-e4e0-4dd0-a218-93fc074ebf4e,2009-10-15
3347891841,2009,US,MATERIAL_SAMPLE,,,393b8c26-e4e0-4dd0-a218-93fc074ebf4e,2009-10-15
3347891845,2009,US,MATERIAL_SAMPLE,,,393b8c26-e4e0-4dd0-a218-93fc074ebf4e,2009-10-15
3347891849,2009,US,MATERIAL_SAMPLE,,,393b8c26-e4e0-4dd0-a218-93fc074ebf4e,2009-10-15
3347897796,2009,US,MATERIAL_SAMPLE,,,393b8c26-e4e0-4dd0-a218-93fc074ebf4e,2009-10-15
3347897800,2009,US,MATERIAL_SAMPLE,,,393b8c26-e4e0-4dd0-a218-93fc074ebf4e,2009-10-15
3347922684,2009,US,MATERIAL_SAMPLE,,,393b8c26-e4e0-4dd0-a218-93fc074ebf4e,2009-10-15
3345982516,2009,BR,MATERIAL_SAMPLE,-21.59,-48.37,393b8c26-e4e0-4dd0-a218-93fc074ebf4e,2009-11-01
3345988532,2009,AR,MATERIAL_SAMPLE,-28.51,-59.04,393b8c26-e4e0-4dd0-a218-93fc074ebf4e,2009-11-01
3347268231,2009,DK,MATERIAL_SAMPLE,,,d8cd16ba-bb74-4420-821e-083f2bac17c2,2009-11-16
3817531381,2009,BR,MATERIAL_SAMPLE,-22.9,-47.06,393b8c26-e4e0-4dd0-a218-93fc074ebf4e,2009-11-01
3968664399,2009,BR,MATERIAL_SAMPLE,-23.1,-46.73,393b8c26-e4e0-4dd0-a218-93fc074ebf4e,2009-11-01
3985125356,2009,BR,MATERIAL_SAMPLE,-20.27,-50.55,393b8c26-e4e0-4dd0-a218-93fc074ebf4e,2009-11-01
3346240228,2008,BR,MATERIAL_SAMPLE,,,393b8c26-e4e0-4dd0-a218-93fc074ebf4e,2008-01-08
3346240229,2008,BR,MATERIAL_SAMPLE,,,393b8c26-e4e0-4dd0-a218-93fc074ebf4e,2008-01-08
3346242007,2008,BR,MATERIAL_SAMPLE,,,393b8c26-e4e0-4dd0-a218-93fc074ebf4e,2008-01-08
3346245195,2008,AR,MATERIAL_SAMPLE,,,393b8c26-e4e0-4dd0-a218-93fc074ebf4e,2008-01-08
3346245196,2008,BR,MATERIAL_SAMPLE,,,393b8c26-e4e0-4dd0-a218-93fc074ebf4e,2008-01-08
3346245197,2008,BR,MATERIAL_SAMPLE,,,393b8c26-e4e0-4dd0-a218-93fc074ebf4e,2008-01-08
3346250255,2008,BR,MATERIAL_SAMPLE,,,393b8c26-e4e0-4dd0-a218-93fc074ebf4e,2008-01-08
3346250256,2008,BR,MATERIAL_SAMPLE,,,393b8c26-e4e0-4dd0-a218-93fc074ebf4e,2008-01-08
3346254238,2008,BR,MATERIAL_SAMPLE,,,393b8c26-e4e0-4dd0-a218-93fc074ebf4e,2008-01-08
3346254239,2008,BR,MATERIAL_SAMPLE,,,393b8c26-e4e0-4dd0-a218-93fc074ebf4e,2008-01-08
3346261136,2008,BR,MATERIAL_SAMPLE,,,393b8c26-e4e0-4dd0-a218-93fc074ebf4e,2008-01-08
3346261137,2008,BR,MATERIAL_SAMPLE,,,393b8c26-e4e0-4dd0-a218-93fc074ebf4e,2008-01-08
3346266173,2008,AR,MATERIAL_SAMPLE,,,393b8c26-e4e0-4dd0-a218-93fc074ebf4e,2008-01-08
3346266174,2008,BR,MATERIAL_SAMPLE,,,393b8c26-e4e0-4dd0-a218-93fc074ebf4e,2008-01-08
3346268170,2008,BR,MATERIAL_SAMPLE,,,393b8c26-e4e0-4dd0-a218-93fc074ebf4e,2008-01-08
3346268171,2008,AR,MATERIAL_SAMPLE,,,393b8c26-e4e0-4dd0-a218-93fc074ebf4e,2008-01-08
3346271136,2008,BR,MATERIAL_SAMPLE,,,393b8c26-e4e0-4dd0-a218-93fc074ebf4e,2008-01-08
3346271137,2008,BR,MATERIAL_SAMPLE,,,393b8c26-e4e0-4dd0-a218-93fc074ebf4e,2008-01-08
3346278200,2008,BR,MATERIAL_SAMPLE,,,393b8c26-e4e0-4dd0-a218-93fc074ebf4e,2008-01-08
3346278201,2008,BR,MATERIAL_SAMPLE,,,393b8c26-e4e0-4dd0-a218-93fc074ebf4e,2008-01-08
3348119026,2008,BR,MATERIAL_SAMPLE,,,393b8c26-e4e0-4dd0-a218-93fc074ebf4e,2008-01-08
3348159222,2008,AR,MATERIAL_SAMPLE,,,393b8c26-e4e0-4dd0-a218-93fc074ebf4e,2008-01-08
3348159223,2008,BR,MATERIAL_SAMPLE,,,393b8c26-e4e0-4dd0-a218-93fc074ebf4e,2008-01-08
3348159224,2008,BR,MATERIAL_SAMPLE,,,393b8c26-e4e0-4dd0-a218-93fc074ebf4e,2008-01-08
3348166119,2008,BR,MATERIAL_SAMPLE,,,393b8c26-e4e0-4dd0-a218-93fc074ebf4e,2008-01-08
3348166120,2008,AR,MATERIAL_SAMPLE,,,393b8c26-e4e0-4dd0-a218-93fc074ebf4e,2008-01-08
3348187157,2008,BR,MATERIAL_SAMPLE,,,393b8c26-e4e0-4dd0-a218-93fc074ebf4e,2008-01-08
3348187158,2008,BR,MATERIAL_SAMPLE,,,393b8c26-e4e0-4dd0-a218-93fc074ebf4e,2008-01-08
3348193222,2008,BR,MATERIAL_SAMPLE,,,393b8c26-e4e0-4dd0-a218-93fc074ebf4e,2008-01-08
3348193223,2008,BR,MATERIAL_SAMPLE,,,393b8c26-e4e0-4dd0-a218-93fc074ebf4e,2008-01-08
3348193224,2008,BR,MATERIAL_SAMPLE,,,393b8c26-e4e0-4dd0-a218-93fc074ebf4e,2008-01-08
3348193225,2008,BR,MATERIAL_SAMPLE,,,393b8c26-e4e0-4dd0-a218-93fc074ebf4e,2008-01-08
3348199297,2008,BR,MATERIAL_SAMPLE,,,393b8c26-e4e0-4dd0-a218-93fc074ebf4e,2008-01-08
3348199298,2008,AR,MATERIAL_SAMPLE,,,393b8c26-e4e0-4dd0-a218-93fc074ebf4e,2008-01-08
3348199299,2008,BR,MATERIAL_SAMPLE,,,393b8c26-e4e0-4dd0-a218-93fc074ebf4e,2008-01-08
3348199300,2008,BR,MATERIAL_SAMPLE,,,393b8c26-e4e0-4dd0-a218-93fc074ebf4e,2008-01-08
3348204185,2008,BR,MATERIAL_SAMPLE,,,393b8c26-e4e0-4dd0-a218-93fc074ebf4e,2008-01-08
3348204186,2008,BR,MATERIAL_SAMPLE,,,393b8c26-e4e0-4dd0-a218-93fc074ebf4e,2008-01-08
3348204187,2008,BR,MATERIAL_SAMPLE,,,393b8c26-e4e0-4dd0-a218-93fc074ebf4e,2008-01-08
3348204188,2008,BR,MATERIAL_SAMPLE,,,393b8c26-e4e0-4dd0-a218-93fc074ebf4e,2008-01-08
3348208186,2008,BR,MATERIAL_SAMPLE,,,393b8c26-e4e0-4dd0-a218-93fc074ebf4e,2008-01-08
3348208187,2008,BR,MATERIAL_SAMPLE,,,393b8c26-e4e0-4dd0-a218-93fc074ebf4e,2008-01-08
3348208188,2008,BR,MATERIAL_SAMPLE,,,393b8c26-e4e0-4dd0-a218-93fc074ebf4e,2008-01-08
3348208189,2008,BR,MATERIAL_SAMPLE,,,393b8c26-e4e0-4dd0-a218-93fc074ebf4e,2008-01-08
3348220119,2008,BR,MATERIAL_SAMPLE,,,393b8c26-e4e0-4dd0-a218-93fc074ebf4e,2008-01-08
3348220120,2008,BR,MATERIAL_SAMPLE,,,393b8c26-e4e0-4dd0-a218-93fc074ebf4e,2008-01-08
3348244139,2008,BR,MATERIAL_SAMPLE,,,393b8c26-e4e0-4dd0-a218-93fc074ebf4e,2008-01-08
3348244140,2008,BR,MATERIAL_SAMPLE,,,393b8c26-e4e0-4dd0-a218-93fc074ebf4e,2008-01-08
3348244141,2008,AR,MATERIAL_SAMPLE,,,393b8c26-e4e0-4dd0-a218-93fc074ebf4e,2008-01-08
3346103681,2008,US,MATERIAL_SAMPLE,,,393b8c26-e4e0-4dd0-a218-93fc074ebf4e,2008-06-11
3346106730,2008,US,MATERIAL_SAMPLE,,,393b8c26-e4e0-4dd0-a218-93fc074ebf4e,2008-06-11
3346108738,2008,US,MATERIAL_SAMPLE,,,393b8c26-e4e0-4dd0-a218-93fc074ebf4e,2008-06-11
3346109709,2008,US,MATERIAL_SAMPLE,,,393b8c26-e4e0-4dd0-a218-93fc074ebf4e,2008-06-11
3346109713,2008,US,MATERIAL_SAMPLE,,,393b8c26-e4e0-4dd0-a218-93fc074ebf4e,2008-06-11
3347879751,2008,US,MATERIAL_SAMPLE,,,393b8c26-e4e0-4dd0-a218-93fc074ebf4e,2008-06-11
3347891848,2008,US,MATERIAL_SAMPLE,,,393b8c26-e4e0-4dd0-a218-93fc074ebf4e,2008-06-11
3347897795,2008,US,MATERIAL_SAMPLE,,,393b8c26-e4e0-4dd0-a218-93fc074ebf4e,2008-06-11
3347897799,2008,US,MATERIAL_SAMPLE,,,393b8c26-e4e0-4dd0-a218-93fc074ebf4e,2008-06-11
3345986677,2008,US,MATERIAL_SAMPLE,,,393b8c26-e4e0-4dd0-a218-93fc074ebf4e,2008-10
3348068656,2008,US,MATERIAL_SAMPLE,,,393b8c26-e4e0-4dd0-a218-93fc074ebf4e,2008-10-01
3348073556,2008,US,MATERIAL_SAMPLE,,,393b8c26-e4e0-4dd0-a218-93fc074ebf4e,2008-10-01
3348093598,2008,US,MATERIAL_SAMPLE,,,393b8c26-e4e0-4dd0-a218-93fc074ebf4e,2008-10-01
3348097637,2008,US,MATERIAL_SAMPLE,,,393b8c26-e4e0-4dd0-a218-93fc074ebf4e,2008-10-01
3348107654,2008,US,MATERIAL_SAMPLE,,,393b8c26-e4e0-4dd0-a218-93fc074ebf4e,2008-10-01
3348110587,2008,US,MATERIAL_SAMPLE,,,393b8c26-e4e0-4dd0-a218-93fc074ebf4e,2008-10-01
3348112628,2008,US,MATERIAL_SAMPLE,,,393b8c26-e4e0-4dd0-a218-93fc074ebf4e,2008-10-01
3348142586,2008,US,MATERIAL_SAMPLE,,,393b8c26-e4e0-4dd0-a218-93fc074ebf4e,2008-10-01
3345986726,2008,US,MATERIAL_SAMPLE,,,393b8c26-e4e0-4dd0-a218-93fc074ebf4e,2008
3346048612,2008,US,MATERIAL_SAMPLE,,,393b8c26-e4e0-4dd0-a218-93fc074ebf4e,2008
3347725660,2008,US,MATERIAL_SAMPLE,,,393b8c26-e4e0-4dd0-a218-93fc074ebf4e,2008
3347734703,2008,US,MATERIAL_SAMPLE,,,393b8c26-e4e0-4dd0-a218-93fc074ebf4e,2008
4053174845,2008,US,MATERIAL_SAMPLE,,,393b8c26-e4e0-4dd0-a218-93fc074ebf4e,2008
3346122728,2007,US,MATERIAL_SAMPLE,,,393b8c26-e4e0-4dd0-a218-93fc074ebf4e,2007
3346124802,2007,US,MATERIAL_SAMPLE,,,393b8c26-e4e0-4dd0-a218-93fc074ebf4e,2007
3346125741,2007,US,MATERIAL_SAMPLE,,,393b8c26-e4e0-4dd0-a218-93fc074ebf4e,2007
3346128773,2007,US,MATERIAL_SAMPLE,,,393b8c26-e4e0-4dd0-a218-93fc074ebf4e,2007
3346128774,2007,US,MATERIAL_SAMPLE,,,393b8c26-e4e0-4dd0-a218-93fc074ebf4e,2007
3345981655,2006,US,MATERIAL_SAMPLE,,,393b8c26-e4e0-4dd0-a218-93fc074ebf4e,2006
3347393002,2006,BR,MATERIAL_SAMPLE,,,393b8c26-e4e0-4dd0-a218-93fc074ebf4e,2006
3817603409,2006,US,MATERIAL_SAMPLE,,,393b8c26-e4e0-4dd0-a218-93fc074ebf4e,2006
6189328205,2006,US,MATERIAL_SAMPLE,,,393b8c26-e4e0-4dd0-a218-93fc074ebf4e,2006
6189778754,2006,US,MATERIAL_SAMPLE,,,393b8c26-e4e0-4dd0-a218-93fc074ebf4e,2006
6189789743,2006,US,MATERIAL_SAMPLE,,,393b8c26-e4e0-4dd0-a218-93fc074ebf4e,2006
6189804789,2006,US,MATERIAL_SAMPLE,,,393b8c26-e4e0-4dd0-a218-93fc074ebf4e,2006
6196123880,2006,US,MATERIAL_SAMPLE,,,393b8c26-e4e0-4dd0-a218-93fc074ebf4e,2006
6274727345,2006,US,MATERIAL_SAMPLE,,,393b8c26-e4e0-4dd0-a218-93fc074ebf4e,2006
3346123633,2005,US,MATERIAL_SAMPLE,,,393b8c26-e4e0-4dd0-a218-93fc074ebf4e,2005
3346124672,2005,US,MATERIAL_SAMPLE,,,393b8c26-e4e0-4dd0-a218-93fc074ebf4e,2005
3346125606,2005,US,MATERIAL_SAMPLE,,,393b8c26-e4e0-4dd0-a218-93fc074ebf4e,2005
3346128641,2005,US,MATERIAL_SAMPLE,,,393b8c26-e4e0-4dd0-a218-93fc074ebf4e,2005
3347972694,2005,US,MATERIAL_SAMPLE,,,393b8c26-e4e0-4dd0-a218-93fc074ebf4e,2005
3347989706,2005,US,MATERIAL_SAMPLE,,,393b8c26-e4e0-4dd0-a218-93fc074ebf4e,2005
3347991602,2005,US,MATERIAL_SAMPLE,,,393b8c26-e4e0-4dd0-a218-93fc074ebf4e,2005
3348016645,2005,US,MATERIAL_SAMPLE,,,393b8c26-e4e0-4dd0-a218-93fc074ebf4e,2005
3349269123,2005,US,MATERIAL_SAMPLE,,,393b8c26-e4e0-4dd0-a218-93fc074ebf4e,2005
3349820600,2005,US,MATERIAL_SAMPLE,,,d8cd16ba-bb74-4420-821e-083f2bac17c2,2005
3349927571,2005,US,MATERIAL_SAMPLE,,,d8cd16ba-bb74-4420-821e-083f2bac17c2,2005
3349965624,2005,US,MATERIAL_SAMPLE,,,d8cd16ba-bb74-4420-821e-083f2bac17c2,2005
3350004518,2005,US,MATERIAL_SAMPLE,,,d8cd16ba-bb74-4420-821e-083f2bac17c2,2005
6189099110,2005,US,MATERIAL_SAMPLE,,,393b8c26-e4e0-4dd0-a218-93fc074ebf4e,2005
3346101641,2004,US,MATERIAL_SAMPLE,,,393b8c26-e4e0-4dd0-a218-93fc074ebf4e,2004
3346102681,2004,US,MATERIAL_SAMPLE,,,393b8c26-e4e0-4dd0-a218-93fc074ebf4e,2004
3346103674,2004,US,MATERIAL_SAMPLE,,,393b8c26-e4e0-4dd0-a218-93fc074ebf4e,2004
3346103678,2004,US,MATERIAL_SAMPLE,,,393b8c26-e4e0-4dd0-a218-93fc074ebf4e,2004
3346104683,2004,US,MATERIAL_SAMPLE,,,393b8c26-e4e0-4dd0-a218-93fc074ebf4e,2004
3346105761,2004,US,MATERIAL_SAMPLE,,,393b8c26-e4e0-4dd0-a218-93fc074ebf4e,2004
3346105763,2004,US,MATERIAL_SAMPLE,,,393b8c26-e4e0-4dd0-a218-93fc074ebf4e,2004
3346106726,2004,US,MATERIAL_SAMPLE,,,393b8c26-e4e0-4dd0-a218-93fc074ebf4e,2004
3346107729,2004,US,MATERIAL_SAMPLE,,,393b8c26-e4e0-4dd0-a218-93fc074ebf4e,2004
3346110767,2004,US,MATERIAL_SAMPLE,,,393b8c26-e4e0-4dd0-a218-93fc074ebf4e,2004
3347879748,2004,US,MATERIAL_SAMPLE,,,393b8c26-e4e0-4dd0-a218-93fc074ebf4e,2004
3347891840,2004,US,MATERIAL_SAMPLE,,,393b8c26-e4e0-4dd0-a218-93fc074ebf4e,2004
3347891844,2004,US,MATERIAL_SAMPLE,,,393b8c26-e4e0-4dd0-a218-93fc074ebf4e,2004
3347897805,2004,US,MATERIAL_SAMPLE,,,393b8c26-e4e0-4dd0-a218-93fc074ebf4e,2004
3347925807,2004,US,MATERIAL_SAMPLE,,,393b8c26-e4e0-4dd0-a218-93fc074ebf4e,2004
3347932791,2004,US,MATERIAL_SAMPLE,,,393b8c26-e4e0-4dd0-a218-93fc074ebf4e,2004
3347932794,2004,US,MATERIAL_SAMPLE,,,393b8c26-e4e0-4dd0-a218-93fc074ebf4e,2004
3347949727,2004,US,MATERIAL_SAMPLE,,,393b8c26-e4e0-4dd0-a218-93fc074ebf4e,2004
4053178831,2004,US,MATERIAL_SAMPLE,,,393b8c26-e4e0-4dd0-a218-93fc074ebf4e,2004
6189262206,2004,US,MATERIAL_SAMPLE,,,393b8c26-e4e0-4dd0-a218-93fc074ebf4e,2004
6196091486,2004,US,MATERIAL_SAMPLE,,,393b8c26-e4e0-4dd0-a218-93fc074ebf4e,2004
3346045653,2003,US,MATERIAL_SAMPLE,,,393b8c26-e4e0-4dd0-a218-93fc074ebf4e,2003
3346101633,2003,US,MATERIAL_SAMPLE,,,393b8c26-e4e0-4dd0-a218-93fc074ebf4e,2003
3346102682,2003,US,MATERIAL_SAMPLE,,,393b8c26-e4e0-4dd0-a218-93fc074ebf4e,2003
3346103673,2003,US,MATERIAL_SAMPLE,,,393b8c26-e4e0-4dd0-a218-93fc074ebf4e,2003
3346103677,2003,US,MATERIAL_SAMPLE,,,393b8c26-e4e0-4dd0-a218-93fc074ebf4e,2003
3346103682,2003,US,MATERIAL_SAMPLE,,,393b8c26-e4e0-4dd0-a218-93fc074ebf4e,2003
3346104684,2003,US,MATERIAL_SAMPLE,,,393b8c26-e4e0-4dd0-a218-93fc074ebf4e,2003
3346105762,2003,US,MATERIAL_SAMPLE,,,393b8c26-e4e0-4dd0-a218-93fc074ebf4e,2003
3346105764,2003,US,MATERIAL_SAMPLE,,,393b8c26-e4e0-4dd0-a218-93fc074ebf4e,2003
3346105771,2003,US,MATERIAL_SAMPLE,,,393b8c26-e4e0-4dd0-a218-93fc074ebf4e,2003
3346106718,2003,US,MATERIAL_SAMPLE,,,393b8c26-e4e0-4dd0-a218-93fc074ebf4e,2003
3346108737,2003,US,MATERIAL_SAMPLE,,,393b8c26-e4e0-4dd0-a218-93fc074ebf4e,2003
3346109715,2003,US,MATERIAL_SAMPLE,,,393b8c26-e4e0-4dd0-a218-93fc074ebf4e,2003
3346110766,2003,US,MATERIAL_SAMPLE,,,393b8c26-e4e0-4dd0-a218-93fc074ebf4e,2003
3346110770,2003,US,MATERIAL_SAMPLE,,,393b8c26-e4e0-4dd0-a218-93fc074ebf4e,2003
3347652622,2003,US,MATERIAL_SAMPLE,,,393b8c26-e4e0-4dd0-a218-93fc074ebf4e,2003
3347748674,2003,US,MATERIAL_SAMPLE,,,393b8c26-e4e0-4dd0-a218-93fc074ebf4e,2003
3347846680,2003,US,MATERIAL_SAMPLE,,,393b8c26-e4e0-4dd0-a218-93fc074ebf4e,2003
3347879747,2003,US,MATERIAL_SAMPLE,,,393b8c26-e4e0-4dd0-a218-93fc074ebf4e,2003
3347891843,2003,US,MATERIAL_SAMPLE,,,393b8c26-e4e0-4dd0-a218-93fc074ebf4e,2003
3347904802,2003,US,MATERIAL_SAMPLE,,,393b8c26-e4e0-4dd0-a218-93fc074ebf4e,2003
3349357719,2002,US,MATERIAL_SAMPLE,,,393b8c26-e4e0-4dd0-a218-93fc074ebf4e,2002-10-07
3346102678,2002,US,MATERIAL_SAMPLE,,,393b8c26-e4e0-4dd0-a218-93fc074ebf4e,2002
3346104677,2002,US,MATERIAL_SAMPLE,,,393b8c26-e4e0-4dd0-a218-93fc074ebf4e,2002
3346104680,2002,US,MATERIAL_SAMPLE,,,393b8c26-e4e0-4dd0-a218-93fc074ebf4e,2002
3346109711,2002,US,MATERIAL_SAMPLE,,,393b8c26-e4e0-4dd0-a218-93fc074ebf4e,2002
3347879753,2002,US,MATERIAL_SAMPLE,,,393b8c26-e4e0-4dd0-a218-93fc074ebf4e,2002
3347891851,2002,US,MATERIAL_SAMPLE,,,393b8c26-e4e0-4dd0-a218-93fc074ebf4e,2002
3347891853,2002,US,MATERIAL_SAMPLE,,,393b8c26-e4e0-4dd0-a218-93fc074ebf4e,2002
3347897798,2002,US,MATERIAL_SAMPLE,,,393b8c26-e4e0-4dd0-a218-93fc074ebf4e,2002
3347897801,2002,US,MATERIAL_SAMPLE,,,393b8c26-e4e0-4dd0-a218-93fc074ebf4e,2002
3347897803,2002,US,MATERIAL_SAMPLE,,,393b8c26-e4e0-4dd0-a218-93fc074ebf4e,2002
3347904801,2002,US,MATERIAL_SAMPLE,,,393b8c26-e4e0-4dd0-a218-93fc074ebf4e,2002
3347904803,2002,US,MATERIAL_SAMPLE,,,393b8c26-e4e0-4dd0-a218-93fc074ebf4e,2002
3347920763,2002,US,MATERIAL_SAMPLE,,,393b8c26-e4e0-4dd0-a218-93fc074ebf4e,2002
3347922680,2002,US,MATERIAL_SAMPLE,,,393b8c26-e4e0-4dd0-a218-93fc074ebf4e,2002
3347922682,2002,US,MATERIAL_SAMPLE,,,393b8c26-e4e0-4dd0-a218-93fc074ebf4e,2002
3347932803,2002,US,MATERIAL_SAMPLE,,,393b8c26-e4e0-4dd0-a218-93fc074ebf4e,2002
3347949724,2002,US,MATERIAL_SAMPLE,,,393b8c26-e4e0-4dd0-a218-93fc074ebf4e,2002
3347949725,2002,US,MATERIAL_SAMPLE,,,393b8c26-e4e0-4dd0-a218-93fc074ebf4e,2002
3348385418,2002,BR,MATERIAL_SAMPLE,,,393b8c26-e4e0-4dd0-a218-93fc074ebf4e,2002
6189724065,2002,TW,MATERIAL_SAMPLE,,,393b8c26-e4e0-4dd0-a218-93fc074ebf4e,2002
3346102686,2001,US,MATERIAL_SAMPLE,,,393b8c26-e4e0-4dd0-a218-93fc074ebf4e,2001
3346105768,2001,US,MATERIAL_SAMPLE,,,393b8c26-e4e0-4dd0-a218-93fc074ebf4e,2001
3346106725,2001,US,MATERIAL_SAMPLE,,,393b8c26-e4e0-4dd0-a218-93fc074ebf4e,2001
3346108734,2001,US,MATERIAL_SAMPLE,,,393b8c26-e4e0-4dd0-a218-93fc074ebf4e,2001
3346110760,2001,US,MATERIAL_SAMPLE,,,393b8c26-e4e0-4dd0-a218-93fc074ebf4e,2001
3346110763,2001,US,MATERIAL_SAMPLE,,,393b8c26-e4e0-4dd0-a218-93fc074ebf4e,2001
3347846675,2001,US,MATERIAL_SAMPLE,,,393b8c26-e4e0-4dd0-a218-93fc074ebf4e,2001
3347879742,2001,US,MATERIAL_SAMPLE,,,393b8c26-e4e0-4dd0-a218-93fc074ebf4e,2001
3347932801,2001,US,MATERIAL_SAMPLE,,,393b8c26-e4e0-4dd0-a218-93fc074ebf4e,2001
6189756690,2001,BR,MATERIAL_SAMPLE,,,393b8c26-e4e0-4dd0-a218-93fc074ebf4e,2001
3348389390,2000,BR,MATERIAL_SAMPLE,,,393b8c26-e4e0-4dd0-a218-93fc074ebf4e,2000
3349178907,1999,BR,MATERIAL_SAMPLE,,,393b8c26-e4e0-4dd0-a218-93fc074ebf4e,1999
3349321248,1999,BR,MATERIAL_SAMPLE,,,393b8c26-e4e0-4dd0-a218-93fc074ebf4e,1999
6189217222,1999,BR,MATERIAL_SAMPLE,,,393b8c26-e4e0-4dd0-a218-93fc074ebf4e,1999
6189224605,1999,BR,MATERIAL_SAMPLE,,,393b8c26-e4e0-4dd0-a218-93fc074ebf4e,1999
3346041666,1998,US,MATERIAL_SAMPLE,,,393b8c26-e4e0-4dd0-a218-93fc074ebf4e,1998
3346044598,1998,US,MATERIAL_SAMPLE,,,393b8c26-e4e0-4dd0-a218-93fc074ebf4e,1998
3346045652,1998,US,MATERIAL_SAMPLE,,,393b8c26-e4e0-4dd0-a218-93fc074ebf4e,1998
3346046643,1998,US,MATERIAL_SAMPLE,,,393b8c26-e4e0-4dd0-a218-93fc074ebf4e,1998
3347652621,1998,US,MATERIAL_SAMPLE,,,393b8c26-e4e0-4dd0-a218-93fc074ebf4e,1998
3347721660,1998,US,MATERIAL_SAMPLE,,,393b8c26-e4e0-4dd0-a218-93fc074ebf4e,1998
3347729714,1998,US,MATERIAL_SAMPLE,,,393b8c26-e4e0-4dd0-a218-93fc074ebf4e,1998
3347748673,1998,US,MATERIAL_SAMPLE,,,393b8c26-e4e0-4dd0-a218-93fc074ebf4e,1998
3347846683,1998,US,MATERIAL_SAMPLE,,,393b8c26-e4e0-4dd0-a218-93fc074ebf4e,1998
3347879750,1998,US,MATERIAL_SAMPLE,,,393b8c26-e4e0-4dd0-a218-93fc074ebf4e,1998
3347891842,1998,US,MATERIAL_SAMPLE,,,393b8c26-e4e0-4dd0-a218-93fc074ebf4e,1998
3347891847,1998,US,MATERIAL_SAMPLE,,,393b8c26-e4e0-4dd0-a218-93fc074ebf4e,1998
3347904798,1998,US,MATERIAL_SAMPLE,,,393b8c26-e4e0-4dd0-a218-93fc074ebf4e,1998
3347925812,1998,US,MATERIAL_SAMPLE,,,393b8c26-e4e0-4dd0-a218-93fc074ebf4e,1998
3347932799,1998,US,MATERIAL_SAMPLE,,,393b8c26-e4e0-4dd0-a218-93fc074ebf4e,1998
3347949719,1998,US,MATERIAL_SAMPLE,,,393b8c26-e4e0-4dd0-a218-93fc074ebf4e,1998
3347949722,1998,US,MATERIAL_SAMPLE,,,393b8c26-e4e0-4dd0-a218-93fc074ebf4e,1998
3348359284,1998,BR,MATERIAL_SAMPLE,,,393b8c26-e4e0-4dd0-a218-93fc074ebf4e,1998
3348404306,1998,AR,MATERIAL_SAMPLE,,,393b8c26-e4e0-4dd0-a218-93fc074ebf4e,1998
3346104676,1997,US,MATERIAL_SAMPLE,,,393b8c26-e4e0-4dd0-a218-93fc074ebf4e,1997-01-22
3346104679,1997,US,MATERIAL_SAMPLE,,,393b8c26-e4e0-4dd0-a218-93fc074ebf4e,1997-01-22
3347879752,1997,US,MATERIAL_SAMPLE,,,393b8c26-e4e0-4dd0-a218-93fc074ebf4e,1997-01-22
3347891850,1997,US,MATERIAL_SAMPLE,,,393b8c26-e4e0-4dd0-a218-93fc074ebf4e,1997-01-22
3347904800,1997,US,MATERIAL_SAMPLE,,,393b8c26-e4e0-4dd0-a218-93fc074ebf4e,1997-01-22
3347920760,1997,US,MATERIAL_SAMPLE,,,393b8c26-e4e0-4dd0-a218-93fc074ebf4e,1997-01-22
3347920762,1997,US,MATERIAL_SAMPLE,,,393b8c26-e4e0-4dd0-a218-93fc074ebf4e,1997-01-22
3347922681,1997,US,MATERIAL_SAMPLE,,,393b8c26-e4e0-4dd0-a218-93fc074ebf4e,1997-01-22
3347932802,1997,US,MATERIAL_SAMPLE,,,393b8c26-e4e0-4dd0-a218-93fc074ebf4e,1997-01-22
3346101640,1996,US,MATERIAL_SAMPLE,,,393b8c26-e4e0-4dd0-a218-93fc074ebf4e,1996-01-04
3346106724,1996,US,MATERIAL_SAMPLE,,,393b8c26-e4e0-4dd0-a218-93fc074ebf4e,1996-01-04
3347846672,1996,US,MATERIAL_SAMPLE,,,393b8c26-e4e0-4dd0-a218-93fc074ebf4e,1996-01-04
3347846674,1996,US,MATERIAL_SAMPLE,,,393b8c26-e4e0-4dd0-a218-93fc074ebf4e,1996-01-04
3347897807,1996,US,MATERIAL_SAMPLE,,,393b8c26-e4e0-4dd0-a218-93fc074ebf4e,1996-01-04
3347920766,1996,US,MATERIAL_SAMPLE,,,393b8c26-e4e0-4dd0-a218-93fc074ebf4e,1996-01-04
3347925806,1996,US,MATERIAL_SAMPLE,,,393b8c26-e4e0-4dd0-a218-93fc074ebf4e,1996-01-04
3347932790,1996,US,MATERIAL_SAMPLE,,,393b8c26-e4e0-4dd0-a218-93fc074ebf4e,1996-01-04
3347932793,1996,US,MATERIAL_SAMPLE,,,393b8c26-e4e0-4dd0-a218-93fc074ebf4e,1996-01-04
3346043607,1996,US,MATERIAL_SAMPLE,,,393b8c26-e4e0-4dd0-a218-93fc074ebf4e,1996
3346046641,1996,US,MATERIAL_SAMPLE,,,393b8c26-e4e0-4dd0-a218-93fc074ebf4e,1996
3347652620,1996,US,MATERIAL_SAMPLE,,,393b8c26-e4e0-4dd0-a218-93fc074ebf4e,1996
3347734704,1996,US,MATERIAL_SAMPLE,,,393b8c26-e4e0-4dd0-a218-93fc074ebf4e,1996
3349482601,1996,BR,MATERIAL_SAMPLE,,,d8cd16ba-bb74-4420-821e-083f2bac17c2,1996
3346042039,1995,US,MATERIAL_SAMPLE,,,393b8c26-e4e0-4dd0-a218-93fc074ebf4e,1995
3346043990,1995,US,MATERIAL_SAMPLE,,,393b8c26-e4e0-4dd0-a218-93fc074ebf4e,1995
3348016779,1995,US,MATERIAL_SAMPLE,,,393b8c26-e4e0-4dd0-a218-93fc074ebf4e,1995
4053176843,1995,US,MATERIAL_SAMPLE,,,393b8c26-e4e0-4dd0-a218-93fc074ebf4e,1995
4053177868,1995,US,MATERIAL_SAMPLE,,,393b8c26-e4e0-4dd0-a218-93fc074ebf4e,1995
3346106729,1994,US,MATERIAL_SAMPLE,,,393b8c26-e4e0-4dd0-a218-93fc074ebf4e,1994
3346126810,1994,US,MATERIAL_SAMPLE,,,393b8c26-e4e0-4dd0-a218-93fc074ebf4e,1994
3347846679,1994,US,MATERIAL_SAMPLE,,,393b8c26-e4e0-4dd0-a218-93fc074ebf4e,1994
3347879741,1994,US,MATERIAL_SAMPLE,,,393b8c26-e4e0-4dd0-a218-93fc074ebf4e,1994
3347879746,1994,US,MATERIAL_SAMPLE,,,393b8c26-e4e0-4dd0-a218-93fc074ebf4e,1994
3347904792,1994,US,MATERIAL_SAMPLE,,,393b8c26-e4e0-4dd0-a218-93fc074ebf4e,1994
3347904795,1994,US,MATERIAL_SAMPLE,,,393b8c26-e4e0-4dd0-a218-93fc074ebf4e,1994
3347920768,1994,US,MATERIAL_SAMPLE,,,393b8c26-e4e0-4dd0-a218-93fc074ebf4e,1994
3347925809,1994,US,MATERIAL_SAMPLE,,,393b8c26-e4e0-4dd0-a218-93fc074ebf4e,1994
3347932796,1994,US,MATERIAL_SAMPLE,,,393b8c26-e4e0-4dd0-a218-93fc074ebf4e,1994
3346101637,1993,US,MATERIAL_SAMPLE,,,393b8c26-e4e0-4dd0-a218-93fc074ebf4e,1993-03-15
3346105769,1993,US,MATERIAL_SAMPLE,,,393b8c26-e4e0-4dd0-a218-93fc074ebf4e,1993-03-15
3346106728,1993,US,MATERIAL_SAMPLE,,,393b8c26-e4e0-4dd0-a218-93fc074ebf4e,1993-03-15
3346107727,1993,US,MATERIAL_SAMPLE,,,393b8c26-e4e0-4dd0-a218-93fc074ebf4e,1993-03-15
3346109719,1993,US,MATERIAL_SAMPLE,,,393b8c26-e4e0-4dd0-a218-93fc074ebf4e,1993-03-15
3346110761,1993,US,MATERIAL_SAMPLE,,,393b8c26-e4e0-4dd0-a218-93fc074ebf4e,1993-03-15
3346110764,1993,US,MATERIAL_SAMPLE,,,393b8c26-e4e0-4dd0-a218-93fc074ebf4e,1993-03-15
3347846676,1993,US,MATERIAL_SAMPLE,,,393b8c26-e4e0-4dd0-a218-93fc074ebf4e,1993-03-15
3347846678,1993,US,MATERIAL_SAMPLE,,,393b8c26-e4e0-4dd0-a218-93fc074ebf4e,1993-03-15
3347846682,1993,US,MATERIAL_SAMPLE,,,393b8c26-e4e0-4dd0-a218-93fc074ebf4e,1993-03-25
3347879737,1993,US,MATERIAL_SAMPLE,,,393b8c26-e4e0-4dd0-a218-93fc074ebf4e,1993-03-15
3347879740,1993,US,MATERIAL_SAMPLE,,,393b8c26-e4e0-4dd0-a218-93fc074ebf4e,1993-03-15
3347879743,1993,US,MATERIAL_SAMPLE,,,393b8c26-e4e0-4dd0-a218-93fc074ebf4e,1993-03-15
3347879745,1993,US,MATERIAL_SAMPLE,,,393b8c26-e4e0-4dd0-a218-93fc074ebf4e,1993-03-15
3347879749,1993,US,MATERIAL_SAMPLE,,,393b8c26-e4e0-4dd0-a218-93fc074ebf4e,1993-03-25
3347891846,1993,US,MATERIAL_SAMPLE,,,393b8c26-e4e0-4dd0-a218-93fc074ebf4e,1993-03-25
3347897797,1993,US,MATERIAL_SAMPLE,,,393b8c26-e4e0-4dd0-a218-93fc074ebf4e,1993-03-25
3347904794,1993,US,MATERIAL_SAMPLE,,,393b8c26-e4e0-4dd0-a218-93fc074ebf4e,1993-03-15
3347904797,1993,US,MATERIAL_SAMPLE,,,393b8c26-e4e0-4dd0-a218-93fc074ebf4e,1993-03-25
3347920767,1993,US,MATERIAL_SAMPLE,,,393b8c26-e4e0-4dd0-a218-93fc074ebf4e,1993-03-15
3347922679,1993,US,MATERIAL_SAMPLE,,,393b8c26-e4e0-4dd0-a218-93fc074ebf4e,1993-03-25
3347925808,1993,US,MATERIAL_SAMPLE,,,393b8c26-e4e0-4dd0-a218-93fc074ebf4e,1993-03-15
3347925811,1993,US,MATERIAL_SAMPLE,,,393b8c26-e4e0-4dd0-a218-93fc074ebf4e,1993-03-25
3347932795,1993,US,MATERIAL_SAMPLE,,,393b8c26-e4e0-4dd0-a218-93fc074ebf4e,1993-03-15
3347932798,1993,US,MATERIAL_SAMPLE,,,393b8c26-e4e0-4dd0-a218-93fc074ebf4e,1993-03-25
3347949718,1993,US,MATERIAL_SAMPLE,,,393b8c26-e4e0-4dd0-a218-93fc074ebf4e,1993-03-15
3347949721,1993,US,MATERIAL_SAMPLE,,,393b8c26-e4e0-4dd0-a218-93fc074ebf4e,1993-03-25
3347423366,1993,US,MATERIAL_SAMPLE,,,393b8c26-e4e0-4dd0-a218-93fc074ebf4e,1993
4153243391,1993,US,MATERIAL_SAMPLE,,,393b8c26-e4e0-4dd0-a218-93fc074ebf4e,1993
3346042585,1992,BR,MATERIAL_SAMPLE,,,393b8c26-e4e0-4dd0-a218-93fc074ebf4e,1992
3346046642,1992,BR,MATERIAL_SAMPLE,,,393b8c26-e4e0-4dd0-a218-93fc074ebf4e,1992
3346047603,1992,BR,MATERIAL_SAMPLE,,,393b8c26-e4e0-4dd0-a218-93fc074ebf4e,1992
3346048611,1992,BR,MATERIAL_SAMPLE,,,393b8c26-e4e0-4dd0-a218-93fc074ebf4e,1992
3346049620,1992,BR,MATERIAL_SAMPLE,,,393b8c26-e4e0-4dd0-a218-93fc074ebf4e,1992
3347721661,1992,BR,MATERIAL_SAMPLE,,,393b8c26-e4e0-4dd0-a218-93fc074ebf4e,1992
3347725659,1992,BR,MATERIAL_SAMPLE,,,393b8c26-e4e0-4dd0-a218-93fc074ebf4e,1992
3347747692,1992,BR,MATERIAL_SAMPLE,,,393b8c26-e4e0-4dd0-a218-93fc074ebf4e,1992
1315974081,1987,US,LIVING_SPECIMEN,28.1,-81.6,3c6e7390-3b56-11dc-8c19-b8a03c50a862,1987
3347374252,1987,US,MATERIAL_SAMPLE,,,393b8c26-e4e0-4dd0-a218-93fc074ebf4e,1987
3347540674,1987,US,MATERIAL_SAMPLE,,,393b8c26-e4e0-4dd0-a218-93fc074ebf4e,1987
3349350593,1987,US,MATERIAL_SAMPLE,,,393b8c26-e4e0-4dd0-a218-93fc074ebf4e,1987
3351925072,1987,US,MATERIAL_SAMPLE,,,d8cd16ba-bb74-4420-821e-083f2bac17c2,1987
6189219754,1987,US,MATERIAL_SAMPLE,,,393b8c26-e4e0-4dd0-a218-93fc074ebf4e,1987
6189299081,1987,US,MATERIAL_SAMPLE,,,393b8c26-e4e0-4dd0-a218-93fc074ebf4e,1987
6189359759,1987,US,MATERIAL_SAMPLE,,,393b8c26-e4e0-4dd0-a218-93fc074ebf4e,1987
6217625409,1987,US,MATERIAL_SAMPLE,,,393b8c26-e4e0-4dd0-a218-93fc074ebf4e,1987
3347695657,1986,US,MATERIAL_SAMPLE,,,393b8c26-e4e0-4dd0-a218-93fc074ebf4e,1986
3347747693,1986,US,MATERIAL_SAMPLE,,,393b8c26-e4e0-4dd0-a218-93fc074ebf4e,1986
1315957535,1985,US,LIVING_SPECIMEN,37.0,-120.0,3c6e7390-3b56-11dc-8c19-b8a03c50a862,1985-07
1315963891,1985,US,LIVING_SPECIMEN,28.1,-81.6,3c6e7390-3b56-11dc-8c19-b8a03c50a862,1985-07
1315969360,1985,US,LIVING_SPECIMEN,28.1,-81.6,3c6e7390-3b56-11dc-8c19-b8a03c50a862,1985-07
1315972335,1985,US,LIVING_SPECIMEN,38.904722,-77.016389,3c6e7390-3b56-11dc-8c19-b8a03c50a862,1985-07
6189289180,1985,US,MATERIAL_SAMPLE,,,393b8c26-e4e0-4dd0-a218-93fc074ebf4e,1985
1315960385,1983,US,LIVING_SPECIMEN,33.0,-83.5,3c6e7390-3b56-11dc-8c19-b8a03c50a862,1983
1315965920,1983,US,LIVING_SPECIMEN,33.0,-83.5,3c6e7390-3b56-11dc-8c19-b8a03c50a862,1983
6189219738,1983,US,MATERIAL_SAMPLE,,,393b8c26-e4e0-4dd0-a218-93fc074ebf4e,1983
6236872358,1983,US,MATERIAL_SAMPLE,,,393b8c26-e4e0-4dd0-a218-93fc074ebf4e,1983
1315974503,1981,US,LIVING_SPECIMEN,37.0,-120.0,3c6e7390-3b56-11dc-8c19-b8a03c50a862,1981-08
1315967896,1979,US,LIVING_SPECIMEN,37.0,-120.0,3c6e7390-3b56-11dc-8c19-b8a03c50a862,1979-10
6189270506,1906,US,MATERIAL_SAMPLE,,,393b8c26-e4e0-4dd0-a218-93fc074ebf4e,1906-08-02
57055867,,,OCCURRENCE,,,855199ca-f762-11e1-a439-00145eb45e9a,
57116208,,,OCCURRENCE,,,855abc6c-f762-11e1-a439-00145eb45e9a,
87821657,,US,LIVING_SPECIMEN,,,863efcc4-f762-11e1-a439-00145eb45e9a,
346936759,,,OCCURRENCE,,,855abc6c-f762-11e1-a439-00145eb45e9a,
1315963457,,US,LIVING_SPECIMEN,38.904722,-77.016389,3c6e7390-3b56-11dc-8c19-b8a03c50a862,
1315967562,,US,LIVING_SPECIMEN,38.904722,-77.016389,3c6e7390-3b56-11dc-8c19-b8a03c50a862,
1315970172,,US,LIVING_SPECIMEN,27.438889,-80.335556,3c6e7390-3b56-11dc-8c19-b8a03c50a862,
1315972339,,US,LIVING_SPECIMEN,27.438889,-80.335556,3c6e7390-3b56-11dc-8c19-b8a03c50a862,
1586020847,,US,LIVING_SPECIMEN,,,d4f4481a-03e0-46d4-a712-610fc721749a,
1586020856,,US,LIVING_SPECIMEN,,,d4f4481a-03e0-46d4-a712-610fc721749a,
1586024095,,US,LIVING_SPECIMEN,,,d4f4481a-03e0-46d4-a712-610fc721749a,
1586024108,,US,LIVING_SPECIMEN,,,d4f4481a-03e0-46d4-a712-610fc721749a,
1586024167,,US,LIVING_SPECIMEN,,,d4f4481a-03e0-46d4-a712-610fc721749a,
1586024214,,US,LIVING_SPECIMEN,,,d4f4481a-03e0-46d4-a712-610fc721749a,
1586025052,,US,LIVING_SPECIMEN,,,d4f4481a-03e0-46d4-a712-610fc721749a,
1655888320,,,OCCURRENCE,,,e731a329-1fe3-4497-9e3c-24cb9235b5a1,
1655888323,,,OCCURRENCE,,,e731a329-1fe3-4497-9e3c-24cb9235b5a1,
1655888330,,,OCCURRENCE,,,e731a329-1fe3-4497-9e3c-24cb9235b5a1,
1655888374,,,OCCURRENCE,,,e731a329-1fe3-4497-9e3c-24cb9235b5a1,
1655888397,,,OCCURRENCE,,,e731a329-1fe3-4497-9e3c-24cb9235b5a1,
1655888402,,,OCCURRENCE,,,e731a329-1fe3-4497-9e3c-24cb9235b5a1,
1655888404,,,OCCURRENCE,,,e731a329-1fe3-4497-9e3c-24cb9235b5a1,
1655888408,,,OCCURRENCE,,,e731a329-1fe3-4497-9e3c-24cb9235b5a1,
1655888416,,,OCCURRENCE,,,e731a329-1fe3-4497-9e3c-24cb9235b5a1,
1655888422,,,OCCURRENCE,,,e731a329-1fe3-4497-9e3c-24cb9235b5a1,
1655888430,,,OCCURRENCE,,,e731a329-1fe3-4497-9e3c-24cb9235b5a1,
1655888434,,,OCCURRENCE,,,e731a329-1fe3-4497-9e3c-24cb9235b5a1,
1655888440,,,OCCURRENCE,,,e731a329-1fe3-4497-9e3c-24cb9235b5a1,
1655888444,,,OCCURRENCE,,,e731a329-1fe3-4497-9e3c-24cb9235b5a1,
1655888450,,,OCCURRENCE,,,e731a329-1fe3-4497-9e3c-24cb9235b5a1,
1655888453,,,OCCURRENCE,,,e731a329-1fe3-4497-9e3c-24cb9235b5a1,
1655888465,,,OCCURRENCE,,,e731a329-1fe3-4497-9e3c-24cb9235b5a1,
1655888488,,,OCCURRENCE,,,e731a329-1fe3-4497-9e3c-24cb9235b5a1,
1655888516,,,OCCURRENCE,,,e731a329-1fe3-4497-9e3c-24cb9235b5a1,
1655888527,,,OCCURRENCE,,,e731a329-1fe3-4497-9e3c-24cb9235b5a1,
1655888535,,,OCCURRENCE,,,e731a329-1fe3-4497-9e3c-24cb9235b5a1,
1655888536,,,OCCURRENCE,,,e731a329-1fe3-4497-9e3c-24cb9235b5a1,
1655888541,,,OCCURRENCE,,,e731a329-1fe3-4497-9e3c-24cb9235b5a1,
1655888544,,,OCCURRENCE,,,e731a329-1fe3-4497-9e3c-24cb9235b5a1,
1655888550,,,OCCURRENCE,,,e731a329-1fe3-4497-9e3c-24cb9235b5a1,
1655888565,,,OCCURRENCE,,,e731a329-1fe3-4497-9e3c-24cb9235b5a1,
1655888642,,,OCCURRENCE,,,e731a329-1fe3-4497-9e3c-24cb9235b5a1,
1655889321,,,OCCURRENCE,,,e731a329-1fe3-4497-9e3c-24cb9235b5a1,
1655889348,,,OCCURRENCE,,,e731a329-1fe3-4497-9e3c-24cb9235b5a1,
1655889385,,,OCCURRENCE,,,e731a329-1fe3-4497-9e3c-24cb9235b5a1,
1655889406,,,OCCURRENCE,,,e731a329-1fe3-4497-9e3c-24cb9235b5a1,
1655889416,,,OCCURRENCE,,,e731a329-1fe3-4497-9e3c-24cb9235b5a1,
1897393395,,,PRESERVED_SPECIMEN,,,244834e9-f320-4368-b928-dd66e991f852,
1897393465,,,PRESERVED_SPECIMEN,,,244834e9-f320-4368-b928-dd66e991f852,
2569191632,,US,MATERIAL_SAMPLE,40.7936,-73.9565,4a2b864b-f3b8-4964-8147-c28e7f73499e,
3345990652,,ES,MATERIAL_SAMPLE,,,393b8c26-e4e0-4dd0-a218-93fc074ebf4e,
3346167987,,IT,MATERIAL_SAMPLE,,,393b8c26-e4e0-4dd0-a218-93fc074ebf4e,
3346188114,,IT,MATERIAL_SAMPLE,,,393b8c26-e4e0-4dd0-a218-93fc074ebf4e,
3347404706,,ES,MATERIAL_SAMPLE,,,393b8c26-e4e0-4dd0-a218-93fc074ebf4e,
3347404707,,ES,MATERIAL_SAMPLE,,,393b8c26-e4e0-4dd0-a218-93fc074ebf4e,
3347405986,,CR,MATERIAL_SAMPLE,,,393b8c26-e4e0-4dd0-a218-93fc074ebf4e,
3347423816,,ES,MATERIAL_SAMPLE,,,393b8c26-e4e0-4dd0-a218-93fc074ebf4e,
3347441798,,ES,MATERIAL_SAMPLE,,,393b8c26-e4e0-4dd0-a218-93fc074ebf4e,
3348028048,,IT,MATERIAL_SAMPLE,,,393b8c26-e4e0-4dd0-a218-93fc074ebf4e,
3348094199,,IT,MATERIAL_SAMPLE,,,393b8c26-e4e0-4dd0-a218-93fc074ebf4e,
3348108271,,IT,MATERIAL_SAMPLE,,,393b8c26-e4e0-4dd0-a218-93fc074ebf4e,
3348111211,,IT,MATERIAL_SAMPLE,,,393b8c26-e4e0-4dd0-a218-93fc074ebf4e,
3348113239,,IT,MATERIAL_SAMPLE,,,393b8c26-e4e0-4dd0-a218-93fc074ebf4e,
3348143185,,IT,MATERIAL_SAMPLE,,,393b8c26-e4e0-4dd0-a218-93fc074ebf4e,
3348159225,,BR,MATERIAL_SAMPLE,,,393b8c26-e4e0-4dd0-a218-93fc074ebf4e,
3348161797,,AR,MATERIAL_SAMPLE,,,393b8c26-e4e0-4dd0-a218-93fc074ebf4e,
3348187159,,BR,MATERIAL_SAMPLE,,,393b8c26-e4e0-4dd0-a218-93fc074ebf4e,
3348193226,,BR,MATERIAL_SAMPLE,,,393b8c26-e4e0-4dd0-a218-93fc074ebf4e,
3348204189,,BR,MATERIAL_SAMPLE,,,393b8c26-e4e0-4dd0-a218-93fc074ebf4e,
3348220121,,BR,MATERIAL_SAMPLE,,,393b8c26-e4e0-4dd0-a218-93fc074ebf4e,
3348231301,,BR,MATERIAL_SAMPLE,,,393b8c26-e4e0-4dd0-a218-93fc074ebf4e,
3348244142,,BR,MATERIAL_SAMPLE,,,393b8c26-e4e0-4dd0-a218-93fc074ebf4e,
3348618000,,US,MATERIAL_SAMPLE,,,393b8c26-e4e0-4dd0-a218-93fc074ebf4e,
3349014364,,,PRESERVED_SPECIMEN,,,d8cd16ba-bb74-4420-821e-083f2bac17c2,
3349015411,,IT,MATERIAL_SAMPLE,,,d8cd16ba-bb74-4420-821e-083f2bac17c2,
3349105245,,,PRESERVED_SPECIMEN,,,d8cd16ba-bb74-4420-821e-083f2bac17c2,
3349151557,,,PRESERVED_SPECIMEN,,,d8cd16ba-bb74-4420-821e-083f2bac17c2,
3349178908,,CR,MATERIAL_SAMPLE,,,393b8c26-e4e0-4dd0-a218-93fc074ebf4e,
3349209590,,,PRESERVED_SPECIMEN,,,d8cd16ba-bb74-4420-821e-083f2bac17c2,
3349211704,,ES,MATERIAL_SAMPLE,,,393b8c26-e4e0-4dd0-a218-93fc074ebf4e,
3349277029,,US,MATERIAL_SAMPLE,,,393b8c26-e4e0-4dd0-a218-93fc074ebf4e,
3349297909,,ES,MATERIAL_SAMPLE,,,393b8c26-e4e0-4dd0-a218-93fc074ebf4e,
3349307125,,ES,MATERIAL_SAMPLE,,,393b8c26-e4e0-4dd0-a218-93fc074ebf4e,
3349321249,,CR,MATERIAL_SAMPLE,,,393b8c26-e4e0-4dd0-a218-93fc074ebf4e,
3349351043,,ES,MATERIAL_SAMPLE,,,393b8c26-e4e0-4dd0-a218-93fc074ebf4e,
3349383672,,ES,MATERIAL_SAMPLE,,,393b8c26-e4e0-4dd0-a218-93fc074ebf4e,
3351015346,,US,MATERIAL_SAMPLE,,,d8cd16ba-bb74-4420-821e-083f2bac17c2,
3351442802,,,PRESERVED_SPECIMEN,,,d8cd16ba-bb74-4420-821e-083f2bac17c2,
3351471678,,,PRESERVED_SPECIMEN,,,d8cd16ba-bb74-4420-821e-083f2bac17c2,
3351522779,,,PRESERVED_SPECIMEN,,,d8cd16ba-bb74-4420-821e-083f2bac17c2,
3351532561,,,PRESERVED_SPECIMEN,,,d8cd16ba-bb74-4420-821e-083f2bac17c2,
3351602543,,,PRESERVED_SPECIMEN,,,d8cd16ba-bb74-4420-821e-083f2bac17c2,
3351786469,,US,MATERIAL_SAMPLE,,,d8cd16ba-bb74-4420-821e-083f2bac17c2,
3410528090,,,MATERIAL_SAMPLE,,,0b0dc293-3b26-49db-b9f1-817b31ebf603,
3410528217,,,MATERIAL_SAMPLE,,,0b0dc293-3b26-49db-b9f1-817b31ebf603,
3410536904,,,MATERIAL_SAMPLE,,,0b0dc293-3b26-49db-b9f1-817b31ebf603,
3410539419,,,MATERIAL_SAMPLE,,,0b0dc293-3b26-49db-b9f1-817b31ebf603,
3412552140,,,MATERIAL_SAMPLE,,,f8fe66a3-3b13-464d-b91f-0be66f6a26c7,
3412556242,,,MATERIAL_SAMPLE,,,82818753-a3d1-4c29-a837-e6fde0a58672,
3817597710,,ES,MATERIAL_SAMPLE,,,393b8c26-e4e0-4dd0-a218-93fc074ebf4e,
3817597711,,ES,MATERIAL_SAMPLE,,,393b8c26-e4e0-4dd0-a218-93fc074ebf4e,
3817746848,,ES,MATERIAL_SAMPLE,,,393b8c26-e4e0-4dd0-a218-93fc074ebf4e,
3817746850,,ES,MATERIAL_SAMPLE,,,393b8c26-e4e0-4dd0-a218-93fc074ebf4e,
3817767921,,ES,MATERIAL_SAMPLE,,,393b8c26-e4e0-4dd0-a218-93fc074ebf4e,
3817767922,,ES,MATERIAL_SAMPLE,,,393b8c26-e4e0-4dd0-a218-93fc074ebf4e,
3817952661,,,PRESERVED_SPECIMEN,,,d8cd16ba-bb74-4420-821e-083f2bac17c2,
3818374828,,,PRESERVED_SPECIMEN,,,d8cd16ba-bb74-4420-821e-083f2bac17c2,
4152679224,,MX,MATERIAL_SAMPLE,,,d8cd16ba-bb74-4420-821e-083f2bac17c2,2016/2018
4152682182,,MX,MATERIAL_SAMPLE,,,d8cd16ba-bb74-4420-821e-083f2bac17c2,2016/2018
4152682183,,MX,MATERIAL_SAMPLE,,,d8cd16ba-bb74-4420-821e-083f2bac17c2,2016/2018
4152684197,,MX,MATERIAL_SAMPLE,,,d8cd16ba-bb74-4420-821e-083f2bac17c2,2016/2018
4152684198,,MX,MATERIAL_SAMPLE,,,d8cd16ba-bb74-4420-821e-083f2bac17c2,2016/2018
4152690237,,MX,MATERIAL_SAMPLE,,,d8cd16ba-bb74-4420-821e-083f2bac17c2,2016/2018
4152690238,,MX,MATERIAL_SAMPLE,,,d8cd16ba-bb74-4420-821e-083f2bac17c2,2016/2018
4152693260,,MX,MATERIAL_SAMPLE,,,d8cd16ba-bb74-4420-821e-083f2bac17c2,2016/2018
4152693261,,MX,MATERIAL_SAMPLE,,,d8cd16ba-bb74-4420-821e-083f2bac17c2,2016/2018
4152694145,,MX,MATERIAL_SAMPLE,,,d8cd16ba-bb74-4420-821e-083f2bac17c2,2016/2018
4152696248,,MX,MATERIAL_SAMPLE,,,d8cd16ba-bb74-4420-821e-083f2bac17c2,2016/2018
4152696249,,MX,MATERIAL_SAMPLE,,,d8cd16ba-bb74-4420-821e-083f2bac17c2,2016/2018
4152697220,,MX,MATERIAL_SAMPLE,,,d8cd16ba-bb74-4420-821e-083f2bac17c2,2016/2018
4152697221,,MX,MATERIAL_SAMPLE,,,d8cd16ba-bb74-4420-821e-083f2bac17c2,2016/2018
4152751267,,MX,MATERIAL_SAMPLE,,,d8cd16ba-bb74-4420-821e-083f2bac17c2,2016/2018
4152756250,,MX,MATERIAL_SAMPLE,,,d8cd16ba-bb74-4420-821e-083f2bac17c2,2016/2018
4152756251,,MX,MATERIAL_SAMPLE,,,d8cd16ba-bb74-4420-821e-083f2bac17c2,2016/2018
4152764249,,MX,MATERIAL_SAMPLE,,,d8cd16ba-bb74-4420-821e-083f2bac17c2,2016/2018
4152764250,,MX,MATERIAL_SAMPLE,,,d8cd16ba-bb74-4420-821e-083f2bac17c2,2016/2018
4152774207,,MX,MATERIAL_SAMPLE,,,d8cd16ba-bb74-4420-821e-083f2bac17c2,2016/2018
4152774208,,MX,MATERIAL_SAMPLE,,,d8cd16ba-bb74-4420-821e-083f2bac17c2,2016/2018
4153320924,,US,MATERIAL_SAMPLE,,,393b8c26-e4e0-4dd0-a218-93fc074ebf4e,1990/1999
6189191431,,ES,MATERIAL_SAMPLE,,,393b8c26-e4e0-4dd0-a218-93fc074ebf4e,
6189389105,,US,MATERIAL_SAMPLE,38.297539,-122.286865,393b8c26-e4e0-4dd0-a218-93fc074ebf4e,1990/1999
6189470114,,ES,MATERIAL_SAMPLE,,,393b8c26-e4e0-4dd0-a218-93fc074ebf4e,
6189635180,,ES,MATERIAL_SAMPLE,,,393b8c26-e4e0-4dd0-a218-93fc074ebf4e,
6189746568,,ES,MATERIAL_SAMPLE,,,393b8c26-e4e0-4dd0-a218-93fc074ebf4e,
6189752746,,ES,MATERIAL_SAMPLE,,,393b8c26-e4e0-4dd0-a218-93fc074ebf4e,
6403829405,,US,MATERIAL_SAMPLE,,,393b8c26-e4e0-4dd0-a218-93fc074ebf4e,
